time,value
2024-09-07T18:24:15.171813976Z,0.3256114423274994
2024-09-07T18:24:23.689082471Z,0.3495534360408783
2024-09-07T18:24:23.690368395Z,0.38307225704193115
2024-09-07T18:24:23.692123861Z,0.33518823981285095
2024-09-07T18:24:25.636432171Z,0.36152446269989014
2024-09-07T18:24:25.638072089Z,0.3663128614425659
2024-09-07T18:24:25.639815999Z,0.2992752194404602
2024-09-07T18:24:25.642188323Z,0.29209262132644653
2024-09-07T18:24:25.64394454Z,0.33997663855552673
2024-09-07T18:24:27.151062934Z,0.3256114423274994
2024-09-07T18:24:27.152894925Z,0.3447650372982025
2024-09-07T18:24:27.388175238Z,0.3974374830722809
2024-09-07T18:24:27.38960064Z,0.43095630407333374
2024-09-07T18:24:27.39128901Z,0.38546648621559143
2024-09-07T18:24:27.392785963Z,0.3519476354122162
2024-09-07T18:24:28.218575647Z,0.3926490843296051
2024-09-07T18:24:28.220252803Z,0.35673606395721436
2024-09-07T18:24:30.814579636Z,0.35913026332855225
2024-09-07T18:24:45.1627334Z,0.3687070608139038
2024-09-07T18:24:45.164333824Z,0.33039984107017517
2024-09-07T18:24:45.166127938Z,0.37828385829925537
2024-09-07T18:24:45.167726213Z,0.31842881441116333
2024-09-07T18:24:45.169088429Z,0.38546648621559143
2024-09-07T18:24:45.170346983Z,0.3447650372982025
2024-09-07T18:24:45.171535747Z,0.31603461503982544
2024-09-07T18:24:45.5840294Z,0.363918662071228
2024-09-07T18:24:48.171742439Z,0.3687070608139038
2024-09-07T18:24:48.173331331Z,0.3519476354122162
2024-09-07T18:24:48.174792215Z,0.3734954595565796
2024-09-07T18:24:49.060951254Z,0.3687070608139038
2024-09-07T18:24:49.062501893Z,0.3758896589279175
2024-09-07T18:25:05.205402094Z,0.3208230137825012
2024-09-07T18:25:05.206983929Z,0.3687070608139038
2024-09-07T18:25:05.209066863Z,0.3758896589279175
2024-09-07T18:25:05.2105562Z,0.3495534360408783
2024-09-07T18:25:05.211988914Z,0.33279404044151306
2024-09-07T18:25:15.215358966Z,0.3232172429561615
2024-09-07T18:25:15.217161018Z,0.40222588181495667
2024-09-07T18:25:15.218669753Z,0.3711012601852417
2024-09-07T18:25:15.220374467Z,0.35913026332855225
2024-09-07T18:25:15.222884503Z,0.272938996553421
2024-09-07T18:25:16.128104361Z,0.3495534360408783
2024-09-07T18:25:16.129738268Z,0.3519476354122162
2024-09-07T18:25:16.131257594Z,0.35913026332855225
2024-09-07T18:25:16.13270432Z,0.33758243918418884
2024-09-07T18:25:19.718549509Z,0.10534487664699554
2024-09-07T18:25:19.720573527Z,0.4381389021873474
2024-09-07T18:25:19.724269576Z,0.3734954595565796
2024-09-07T18:25:19.774533834Z,0.4405331015586853
2024-09-07T18:25:19.778033022Z,0.38546648621559143
2024-09-07T18:25:20.054484422Z,0.5363011956214905
2024-09-07T18:25:20.134668957Z,0.3974374830722809
2024-09-07T18:25:21.970617479Z,0.4572925269603729
2024-09-07T18:25:21.972316921Z,0.4381389021873474
2024-09-07T18:25:21.974390752Z,0.40462008118629456
2024-09-07T18:25:22.25477968Z,0.4213795065879822
2024-09-07T18:25:22.786974865Z,0.4596867263317108
2024-09-07T18:25:23.258959996Z,0.4644751250743866
2024-09-07T18:25:23.774906759Z,0.44532153010368347
2024-09-07T18:25:24.29854928Z,0.4165911078453064
2024-09-07T18:25:24.860925827Z,0.3663128614425659
2024-09-07T18:25:25.332234011Z,0.49320554733276367
2024-09-07T18:25:25.899884691Z,0.4596867263317108
2024-09-07T18:25:26.387320392Z,0.4405331015586853
2024-09-07T18:25:26.902094154Z,0.4213795065879822
2024-09-07T18:25:27.423820507Z,0.4908113479614258
2024-09-07T18:25:27.928123143Z,0.40940847992897034
2024-09-07T18:25:28.464998494Z,0.47884035110473633
2024-09-07T18:25:28.967843192Z,0.45250412821769714
2024-09-07T18:25:30.248722013Z,0.44771572947502136
2024-09-07T18:25:30.250781742Z,0.43095630407333374
2024-09-07T18:25:30.573678969Z,0.47884035110473633
2024-09-07T18:25:31.046117662Z,0.45489832758903503
2024-09-07T18:25:31.565982993Z,0.47405192255973816
2024-09-07T18:25:32.091856349Z,0.45489832758903503
2024-09-07T18:25:32.608997301Z,0.4381389021873474
2024-09-07T18:25:33.132352285Z,0.4572925269603729
2024-09-07T18:25:33.667995051Z,0.4357447028160095
2024-09-07T18:25:34.187222811Z,0.4429273009300232
2024-09-07T18:25:34.705865495Z,0.4572925269603729
2024-09-07T18:25:35.224527629Z,0.45250412821769714
2024-09-07T18:25:36.267289511Z,0.45010992884635925
2024-09-07T18:25:36.2922437Z,0.4596867263317108
2024-09-07T18:25:36.802990538Z,0.3256114423274994
2024-09-07T18:25:37.816524737Z,0.395043283700943
2024-09-07T18:25:37.840209156Z,0.48602294921875
2024-09-07T18:25:38.386174301Z,0.40940847992897034
2024-09-07T18:25:38.933949958Z,0.42856210470199585
2024-09-07T18:25:39.436073925Z,0.4118026793003082
2024-09-07T18:25:40.39777845Z,0.5003881454467773
2024-09-07T18:25:40.46126193Z,0.45010992884635925
2024-09-07T18:25:41.032861081Z,0.44771572947502136
2024-09-07T18:25:41.507059069Z,0.4884171485900879
2024-09-07T18:25:42.044523093Z,0.42377370595932007
2024-09-07T18:25:42.570976997Z,0.3711012601852417
2024-09-07T18:25:43.084109457Z,0.4141969084739685
2024-09-07T18:25:43.610235376Z,0.395043283700943
2024-09-07T18:25:44.164586281Z,0.4429273009300232
2024-09-07T18:25:44.689114991Z,0.44532153010368347
2024-09-07T18:25:45.206401577Z,0.43335050344467163
2024-09-07T18:25:45.736350296Z,0.4213795065879822
2024-09-07T18:25:46.222518429Z,0.4429273009300232
2024-09-07T18:25:46.746204761Z,0.42616790533065796
2024-09-07T18:25:47.266570251Z,0.44532153010368347
2024-09-07T18:25:47.813246275Z,0.33518823981285095
2024-09-07T18:25:48.329812214Z,0.5147533416748047
2024-09-07T18:25:48.837306568Z,0.3663128614425659
2024-09-07T18:25:49.367421069Z,0.4836287498474121
2024-09-07T18:25:49.900399851Z,0.4572925269603729
2024-09-07T18:25:50.409484366Z,0.4357447028160095
2024-09-07T18:25:50.933276944Z,0.4596867263317108
2024-09-07T18:25:52.215710568Z,0.47405192255973816
2024-09-07T18:25:52.220131438Z,0.4429273009300232
2024-09-07T18:25:52.499409323Z,0.4141969084739685
2024-09-07T18:25:53.06884626Z,0.3471592366695404
2024-09-07T18:25:53.555537203Z,0.3495534360408783
2024-09-07T18:25:54.081925377Z,0.5147533416748047
2024-09-07T18:25:54.596599764Z,0.3471592366695404
2024-09-07T18:25:56.192639398Z,0.42856210470199585
2024-09-07T18:25:56.195552621Z,0.49799394607543945
2024-09-07T18:25:56.198868478Z,0.47644615173339844
2024-09-07T18:25:56.68701724Z,0.4381389021873474
2024-09-07T18:25:57.222900286Z,0.45010992884635925
2024-09-07T18:25:58.528417695Z,0.545877993106842
2024-09-07T18:25:58.531528962Z,0.4620809257030487
2024-09-07T18:25:58.824811428Z,0.3998316824436188
2024-09-07T18:25:59.416516922Z,0.22744916379451752
2024-09-07T18:26:00.378469895Z,0.40940847992897034
2024-09-07T18:26:00.743368329Z,0.4213795065879822
2024-09-07T18:26:01.087453211Z,0.5123591423034668
2024-09-07T18:26:01.563797326Z,0.8236053586006165
2024-09-07T18:26:03.551669484Z,0.3974374830722809
2024-09-07T18:26:04.145522057Z,0.22744916379451752
2024-09-07T18:26:04.902743808Z,0.5722141861915588
2024-09-07T18:26:04.908235076Z,0.4189853072166443
2024-09-07T18:26:04.911673834Z,0.6416460275650024
2024-09-07T18:26:05.144735088Z,0.3711012601852417
2024-09-07T18:26:05.476736775Z,0.42377370595932007
2024-09-07T18:26:05.993885656Z,0.5722141861915588
2024-09-07T18:26:06.529989607Z,0.47165772318840027
2024-09-07T18:26:07.068719601Z,0.5123591423034668
2024-09-07T18:26:08.175217497Z,0.3902548849582672
2024-09-07T18:26:08.17828201Z,0.44771572947502136
2024-09-07T18:26:08.630116859Z,0.4213795065879822
2024-09-07T18:26:10.412099603Z,0.4381389021873474
2024-09-07T18:26:12.007974975Z,0.44532153010368347
2024-09-07T18:26:15.235837819Z,0.395043283700943
2024-09-07T18:26:17.24111524Z,0.14604631066322327
2024-09-07T18:26:18.756408975Z,0.47884035110473633
2024-09-07T18:26:18.759378063Z,0.4884171485900879
2024-09-07T18:26:18.760707154Z,0.3711012601852417
2024-09-07T18:26:18.76219357Z,0.4405331015586853
2024-09-07T18:26:20.174125738Z,0.43095630407333374
2024-09-07T18:26:21.792063066Z,0.43335050344467163
2024-09-07T18:26:21.793480538Z,0.4405331015586853
2024-09-07T18:26:23.289427925Z,0.4644751250743866
2024-09-07T18:26:23.312539289Z,0.44771572947502136
2024-09-07T18:26:23.314187019Z,0.4405331015586853
2024-09-07T18:26:23.315870346Z,0.2849099934101105
2024-09-07T18:26:23.317382527Z,0.4405331015586853
2024-09-07T18:26:23.318774873Z,0.4118026793003082
2024-09-07T18:26:23.320178591Z,0.45250412821769714
2024-09-07T18:26:23.321976889Z,0.4357447028160095
2024-09-07T18:26:23.619930777Z,0.42616790533065796
2024-09-07T18:26:23.7243683Z,0.49320554733276367
2024-09-07T18:26:24.239243358Z,0.4165911078453064
2024-09-07T18:26:24.762463883Z,0.38546648621559143
2024-09-07T18:26:25.288358757Z,0.36152446269989014
2024-09-07T18:26:25.809438735Z,0.49320554733276367
2024-09-07T18:26:26.354660768Z,0.42616790533065796
2024-09-07T18:26:26.848250823Z,0.4118026793003082
2024-09-07T18:26:27.351317825Z,0.4836287498474121
2024-09-07T18:26:27.875822591Z,0.4118026793003082
2024-09-07T18:26:28.397382974Z,0.5123591423034668
2024-09-07T18:26:28.905491327Z,0.47165772318840027
2024-09-07T18:26:29.432411482Z,0.4908113479614258
2024-09-07T18:26:29.950164707Z,0.47165772318840027
2024-09-07T18:26:30.459462516Z,0.4165911078453064
2024-09-07T18:26:30.991025772Z,0.4381389021873474
2024-09-07T18:26:31.616924594Z,0.4405331015586853
2024-09-07T18:26:32.139433067Z,0.35913026332855225
2024-09-07T18:26:32.66545882Z,0.4884171485900879
2024-09-07T18:26:33.184971094Z,0.42377370595932007
2024-09-07T18:26:33.714668291Z,0.43095630407333374
2024-09-07T18:26:34.226584303Z,0.4165911078453064
2024-09-07T18:26:34.756344214Z,0.43335050344467163
2024-09-07T18:26:35.273548665Z,0.44771572947502136
2024-09-07T18:26:35.800620174Z,0.42856210470199585
2024-09-07T18:26:36.324975643Z,0.42616790533065796
2024-09-07T18:26:36.848032376Z,0.40222588181495667
2024-09-07T18:26:37.376662674Z,0.43095630407333374
2024-09-07T18:26:37.914844097Z,0.40222588181495667
2024-09-07T18:26:38.424651449Z,0.4405331015586853
2024-09-07T18:26:38.949495533Z,0.4884171485900879
2024-09-07T18:26:39.471683255Z,0.4836287498474121
2024-09-07T18:26:39.985804653Z,0.42377370595932007
2024-09-07T18:26:40.509397021Z,0.4165911078453064
2024-09-07T18:26:41.03176282Z,0.40462008118629456
2024-09-07T18:26:41.569443532Z,0.4381389021873474
2024-09-07T18:26:42.086664847Z,0.47884035110473633
2024-09-07T18:26:42.604774557Z,0.363918662071228
2024-09-07T18:26:43.143076134Z,0.47165772318840027
2024-09-07T18:26:43.649859864Z,0.4620809257030487
2024-09-07T18:26:44.182572957Z,0.47644615173339844
2024-09-07T18:26:44.702675507Z,0.4692635238170624
2024-09-07T18:26:45.219984257Z,0.3926490843296051
2024-09-07T18:26:45.748023492Z,0.40462008118629456
2024-09-07T18:26:46.267285569Z,0.4836287498474121
2024-09-07T18:26:46.790754268Z,0.40222588181495667
2024-09-07T18:26:47.316002684Z,0.40701428055763245
2024-09-07T18:26:47.848413607Z,0.45010992884635925
2024-09-07T18:26:48.368633181Z,0.45489832758903503
2024-09-07T18:26:48.889634118Z,0.42856210470199585
2024-09-07T18:26:49.406787313Z,0.4165911078453064
2024-09-07T18:26:49.929889347Z,0.45489832758903503
2024-09-07T18:26:50.44761525Z,0.5530605912208557
2024-09-07T18:26:50.97208298Z,0.3902548849582672
2024-09-07T18:26:51.516112171Z,0.4836287498474121
2024-09-07T18:26:52.028378254Z,0.45489832758903503
2024-09-07T18:26:52.552694422Z,0.4405331015586853
2024-09-07T18:26:53.07255228Z,0.3998316824436188
2024-09-07T18:26:53.591436449Z,0.4596867263317108
2024-09-07T18:26:54.114324096Z,0.44771572947502136
2024-09-07T18:26:54.63965551Z,0.4596867263317108
2024-09-07T18:26:55.164387105Z,0.4908113479614258
2024-09-07T18:26:55.688640599Z,0.43335050344467163
2024-09-07T18:26:56.211642165Z,0.5027823448181152
2024-09-07T18:26:56.736006389Z,0.4884171485900879
2024-09-07T18:26:57.261179446Z,0.35434186458587646
2024-09-07T18:26:57.780474201Z,0.40701428055763245
2024-09-07T18:26:58.305141599Z,0.45010992884635925
2024-09-07T18:26:58.832187155Z,0.4357447028160095
2024-09-07T18:26:59.349153647Z,0.4429273009300232
2024-09-07T18:26:59.862485483Z,0.31842881441116333
2024-09-07T18:27:00.401445311Z,0.4620809257030487
2024-09-07T18:27:00.921278041Z,0.3998316824436188
2024-09-07T18:27:01.436962203Z,0.42856210470199585
2024-09-07T18:27:01.97234216Z,0.3878606855869293
2024-09-07T18:27:02.488907893Z,0.524330198764801
2024-09-07T18:27:03.014126829Z,0.45010992884635925
2024-09-07T18:27:03.533291213Z,0.44771572947502136
2024-09-07T18:27:04.055600434Z,0.4357447028160095
2024-09-07T18:27:04.582476123Z,0.4429273009300232
2024-09-07T18:27:05.111421315Z,0.45489832758903503
2024-09-07T18:27:08.209531079Z,0.4620809257030487
2024-09-07T18:27:08.212928416Z,0.4572925269603729
2024-09-07T18:27:08.215693516Z,0.4381389021873474
2024-09-07T18:27:08.610501158Z,0.4189853072166443
2024-09-07T18:27:08.730113456Z,0.40462008118629456
2024-09-07T18:27:09.246641763Z,0.43095630407333374
2024-09-07T18:27:09.758433624Z,0.47884035110473633
2024-09-07T18:27:10.282701101Z,0.4357447028160095
2024-09-07T18:27:10.796560199Z,0.44771572947502136
2024-09-07T18:27:11.426825827Z,0.4668693244457245
2024-09-07T18:27:11.945573711Z,0.4429273009300232
2024-09-07T18:27:12.466613165Z,0.40701428055763245
2024-09-07T18:27:12.989529575Z,0.42616790533065796
2024-09-07T18:27:13.516715037Z,0.47644615173339844
2024-09-07T18:27:14.037848253Z,0.3878606855869293
2024-09-07T18:27:14.5705282Z,0.4692635238170624
2024-09-07T18:27:15.086482148Z,0.40940847992897034
2024-09-07T18:27:15.613521315Z,0.42377370595932007
2024-09-07T18:27:16.127826953Z,0.4213795065879822
2024-09-07T18:27:16.651745702Z,0.4620809257030487
2024-09-07T18:27:17.169585107Z,0.4692635238170624
2024-09-07T18:27:17.699811324Z,0.45010992884635925
2024-09-07T18:27:18.238808814Z,0.43095630407333374
2024-09-07T18:27:18.842409296Z,0.44532153010368347
2024-09-07T18:27:19.36941708Z,0.40940847992897034
2024-09-07T18:27:19.900827117Z,0.4357447028160095
2024-09-07T18:27:20.420753803Z,0.4381389021873474
2024-09-07T18:27:20.93265989Z,0.507570743560791
2024-09-07T18:27:21.457810976Z,0.4189853072166443
2024-09-07T18:27:21.984706288Z,0.395043283700943
2024-09-07T18:27:22.504179707Z,0.4572925269603729
2024-09-07T18:27:23.026765752Z,0.3998316824436188
2024-09-07T18:27:23.546893553Z,0.40940847992897034
2024-09-07T18:27:24.075827253Z,0.40701428055763245
2024-09-07T18:27:24.60603564Z,0.42377370595932007
2024-09-07T18:27:25.130894868Z,0.45489832758903503
2024-09-07T18:27:25.649504524Z,0.43335050344467163
2024-09-07T18:27:26.164894387Z,0.4118026793003082
2024-09-07T18:27:26.690188693Z,0.4692635238170624
2024-09-07T18:27:27.217036547Z,0.4812345504760742
2024-09-07T18:27:27.730859771Z,0.4405331015586853
2024-09-07T18:27:28.268115187Z,0.4692635238170624
2024-09-07T18:27:28.798947083Z,0.47165772318840027
2024-09-07T18:27:29.30209508Z,0.44771572947502136
2024-09-07T18:27:29.827958493Z,0.4668693244457245
2024-09-07T18:27:30.464643646Z,0.49799394607543945
2024-09-07T18:27:30.975988858Z,0.47405192255973816
2024-09-07T18:27:31.506721786Z,0.45010992884635925
2024-09-07T18:27:32.036195376Z,0.5985504388809204
2024-09-07T18:27:32.554911816Z,0.5339069962501526
2024-09-07T18:27:33.077510908Z,0.4189853072166443
2024-09-07T18:27:33.591282131Z,0.40701428055763245
2024-09-07T18:27:34.114513041Z,0.4692635238170624
2024-09-07T18:27:34.641956439Z,0.38546648621559143
2024-09-07T18:27:35.156242229Z,0.4692635238170624
2024-09-07T18:27:35.679490939Z,0.4213795065879822
2024-09-07T18:27:36.217439521Z,0.43335050344467163
2024-09-07T18:27:36.788256602Z,0.4644751250743866
2024-09-07T18:27:37.257412105Z,0.48602294921875
2024-09-07T18:27:37.797188395Z,0.45489832758903503
2024-09-07T18:27:38.293114734Z,0.3711012601852417
2024-09-07T18:27:38.838128305Z,0.4692635238170624
2024-09-07T18:27:39.349134984Z,0.45010992884635925
2024-09-07T18:27:39.873837789Z,0.45250412821769714
2024-09-07T18:27:40.418482008Z,0.42856210470199585
2024-09-07T18:27:40.907341222Z,0.43095630407333374
2024-09-07T18:27:41.429360384Z,0.4213795065879822
2024-09-07T18:27:41.956354666Z,0.4429273009300232
2024-09-07T18:27:42.487129506Z,0.4357447028160095
2024-09-07T18:27:43.01834855Z,0.43095630407333374
2024-09-07T18:27:43.547844807Z,0.4429273009300232
2024-09-07T18:27:44.069565742Z,0.43335050344467163
2024-09-07T18:27:44.595606145Z,0.45250412821769714
2024-09-07T18:27:45.125384297Z,0.4596867263317108
2024-09-07T18:27:45.644503494Z,0.4812345504760742
2024-09-07T18:27:46.175518581Z,0.4692635238170624
2024-09-07T18:27:46.700550573Z,0.4381389021873474
2024-09-07T18:27:47.236540958Z,0.4668693244457245
2024-09-07T18:27:47.757546443Z,0.3663128614425659
2024-09-07T18:27:48.283153884Z,0.4141969084739685
2024-09-07T18:27:48.814724688Z,0.4381389021873474
2024-09-07T18:27:49.343137511Z,0.35673606395721436
2024-09-07T18:27:49.861503626Z,0.42616790533065796
2024-09-07T18:27:50.389493266Z,0.40701428055763245
2024-09-07T18:27:50.920608079Z,0.44532153010368347
2024-09-07T18:27:51.443856681Z,0.5171475410461426
2024-09-07T18:27:51.981774392Z,0.5267243981361389
2024-09-07T18:27:52.500328147Z,0.44532153010368347
2024-09-07T18:27:53.026507983Z,0.5291185975074768
2024-09-07T18:27:53.561767199Z,0.4812345504760742
2024-09-07T18:27:54.094729008Z,0.4692635238170624
2024-09-07T18:27:54.614738499Z,0.49559974670410156
2024-09-07T18:27:55.135224463Z,0.45010992884635925
2024-09-07T18:27:55.671797108Z,0.40462008118629456
2024-09-07T18:27:56.200440156Z,0.524330198764801
2024-09-07T18:27:56.740044239Z,0.44532153010368347
2024-09-07T18:27:57.242840067Z,0.45489832758903503
2024-09-07T18:27:57.77064175Z,0.40222588181495667
2024-09-07T18:27:58.292809078Z,0.47644615173339844
2024-09-07T18:27:58.806674057Z,0.43335050344467163
2024-09-07T18:27:59.331696392Z,0.4141969084739685
2024-09-07T18:27:59.862623957Z,0.45010992884635925
2024-09-07T18:28:00.382060309Z,0.4357447028160095
2024-09-07T18:28:00.913513075Z,0.4812345504760742
2024-09-07T18:28:01.443848666Z,0.4165911078453064
2024-09-07T18:28:01.950603659Z,0.4836287498474121
2024-09-07T18:28:02.468986487Z,0.4596867263317108
2024-09-07T18:28:03.005657448Z,0.4357447028160095
2024-09-07T18:28:03.520838863Z,0.4812345504760742
2024-09-07T18:28:04.05122269Z,0.3998316824436188
2024-09-07T18:28:04.588966002Z,0.45010992884635925
2024-09-07T18:28:05.122135697Z,0.4596867263317108
2024-09-07T18:28:05.610987175Z,0.4213795065879822
2024-09-07T18:28:06.133902948Z,0.3663128614425659
2024-09-07T18:28:06.670189405Z,0.3926490843296051
2024-09-07T18:28:07.17910276Z,0.48602294921875
2024-09-07T18:28:07.712511089Z,0.5147533416748047
2024-09-07T18:28:08.232949676Z,0.4572925269603729
2024-09-07T18:28:08.767557912Z,0.4620809257030487
2024-09-07T18:28:09.274120745Z,0.4812345504760742
2024-09-07T18:28:09.804785593Z,0.4596867263317108
2024-09-07T18:28:10.320936148Z,0.4812345504760742
2024-09-07T18:28:11.072249684Z,0.395043283700943
2024-09-07T18:28:11.366658039Z,0.5171475410461426
2024-09-07T18:28:11.887486897Z,0.40940847992897034
2024-09-07T18:28:12.411519429Z,0.44532153010368347
2024-09-07T18:28:12.942176674Z,0.38307225704193115
2024-09-07T18:28:13.460225712Z,0.4692635238170624
2024-09-07T18:28:13.989979632Z,0.4884171485900879
2024-09-07T18:28:14.499174675Z,0.40462008118629456
2024-09-07T18:28:15.042346298Z,0.4572925269603729
2024-09-07T18:28:15.547020706Z,0.5363011956214905
2024-09-07T18:28:16.062317126Z,0.44532153010368347
2024-09-07T18:28:16.588325105Z,0.43335050344467163
2024-09-07T18:28:17.114155164Z,0.4644751250743866
2024-09-07T18:28:17.652739572Z,0.44771572947502136
2024-09-07T18:28:18.181853312Z,0.45489832758903503
2024-09-07T18:28:18.680382536Z,0.42377370595932007
2024-09-07T18:28:19.211319026Z,0.4357447028160095
2024-09-07T18:28:19.733377379Z,0.45250412821769714
2024-09-07T18:28:20.257190254Z,0.45489832758903503
2024-09-07T18:28:20.879487397Z,0.4381389021873474
2024-09-07T18:28:21.401257352Z,0.45489832758903503
2024-09-07T18:28:21.933486537Z,0.42616790533065796
2024-09-07T18:28:22.462482845Z,0.38307225704193115
2024-09-07T18:28:22.988475964Z,0.2777273952960968
2024-09-07T18:28:23.50835949Z,0.5267243981361389
2024-09-07T18:28:24.037122878Z,0.48602294921875
2024-09-07T18:28:24.567724128Z,0.5291185975074768
2024-09-07T18:28:25.100995086Z,0.44771572947502136
2024-09-07T18:28:25.634580172Z,0.5434837937355042
2024-09-07T18:28:26.152396303Z,0.5219359993934631
2024-09-07T18:28:26.680869455Z,0.4429273009300232
2024-09-07T18:28:27.203771069Z,0.4381389021873474
2024-09-07T18:28:27.727958605Z,0.4213795065879822
2024-09-07T18:28:28.25836925Z,0.4596867263317108
2024-09-07T18:28:28.787235445Z,0.49799394607543945
2024-09-07T18:28:29.312704504Z,0.3734954595565796
2024-09-07T18:28:29.839848107Z,0.4572925269603729
2024-09-07T18:28:30.372521682Z,0.43095630407333374
2024-09-07T18:28:30.892714948Z,0.44771572947502136
2024-09-07T18:28:31.604676761Z,0.4620809257030487
2024-09-07T18:28:31.93851727Z,0.4836287498474121
2024-09-07T18:28:32.473613007Z,0.4213795065879822
2024-09-07T18:28:32.990062714Z,0.4596867263317108
2024-09-07T18:28:33.53087106Z,0.45010992884635925
2024-09-07T18:28:34.046615559Z,0.47644615173339844
2024-09-07T18:28:34.558918372Z,0.38546648621559143
2024-09-07T18:28:35.0798185Z,0.4429273009300232
2024-09-07T18:28:35.604768603Z,0.33997663855552673
2024-09-07T18:28:36.127839462Z,0.4213795065879822
2024-09-07T18:28:36.656672498Z,0.4141969084739685
2024-09-07T18:28:37.191813659Z,0.38546648621559143
2024-09-07T18:28:37.706698536Z,0.4429273009300232
2024-09-07T18:28:38.239004137Z,0.47884035110473633
2024-09-07T18:28:38.760070224Z,0.42377370595932007
2024-09-07T18:28:39.292074364Z,0.4884171485900879
2024-09-07T18:28:39.798825203Z,0.45250412821769714
2024-09-07T18:28:40.310911483Z,0.47165772318840027
2024-09-07T18:28:40.8316116Z,0.4644751250743866
2024-09-07T18:28:41.35885798Z,0.4620809257030487
2024-09-07T18:28:41.886562476Z,0.4572925269603729
2024-09-07T18:28:42.409853847Z,0.4381389021873474
2024-09-07T18:28:42.939022522Z,0.43095630407333374
2024-09-07T18:28:43.463346013Z,0.4213795065879822
2024-09-07T18:28:43.984079295Z,0.45010992884635925
2024-09-07T18:28:44.508100951Z,0.4405331015586853
2024-09-07T18:28:45.027003612Z,0.42377370595932007
2024-09-07T18:28:45.545183657Z,0.45250412821769714
2024-09-07T18:28:46.073886573Z,0.4405331015586853
2024-09-07T18:28:46.597998237Z,0.43095630407333374
2024-09-07T18:28:47.118262637Z,0.4381389021873474
2024-09-07T18:28:47.647985013Z,0.45250412821769714
2024-09-07T18:28:48.172334528Z,0.4429273009300232
2024-09-07T18:28:48.69219824Z,0.4189853072166443
2024-09-07T18:28:49.215237038Z,0.4692635238170624
2024-09-07T18:28:49.736406676Z,0.42856210470199585
2024-09-07T18:28:50.257030508Z,0.4381389021873474
2024-09-07T18:28:50.782143291Z,0.4429273009300232
2024-09-07T18:28:51.305920276Z,0.40940847992897034
2024-09-07T18:28:51.830072942Z,0.40701428055763245
2024-09-07T18:28:52.369175489Z,0.42616790533065796
2024-09-07T18:28:52.889179502Z,0.4620809257030487
2024-09-07T18:28:53.404668268Z,0.5434837937355042
2024-09-07T18:28:53.929420437Z,0.4644751250743866
2024-09-07T18:28:54.452682479Z,0.4141969084739685
2024-09-07T18:28:54.966033306Z,0.4405331015586853
2024-09-07T18:28:55.489309602Z,0.4572925269603729
2024-09-07T18:28:56.021722721Z,0.4644751250743866
2024-09-07T18:28:56.538165271Z,0.3974374830722809
2024-09-07T18:28:57.118380307Z,0.38307225704193115
2024-09-07T18:28:57.592936037Z,0.45489832758903503
2024-09-07T18:28:58.140436182Z,0.43335050344467163
2024-09-07T18:28:58.636364268Z,0.47884035110473633
2024-09-07T18:28:59.153360193Z,0.4668693244457245
2024-09-07T18:28:59.676131902Z,0.48602294921875
2024-09-07T18:29:00.194095449Z,0.4213795065879822
2024-09-07T18:29:00.739219908Z,0.4692635238170624
2024-09-07T18:29:01.249046357Z,0.4118026793003082
2024-09-07T18:29:01.765500772Z,0.45250412821769714
2024-09-07T18:29:02.31837066Z,0.42856210470199585
2024-09-07T18:29:02.822446935Z,0.45489832758903503
2024-09-07T18:29:03.344301696Z,0.43095630407333374
2024-09-07T18:29:03.862590372Z,0.5051765441894531
2024-09-07T18:29:04.383240609Z,0.45250412821769714
2024-09-07T18:29:04.908711337Z,0.44771572947502136
2024-09-07T18:29:05.431282935Z,0.4812345504760742
2024-09-07T18:29:05.985264254Z,0.4165911078453064
2024-09-07T18:29:06.490618314Z,0.47644615173339844
2024-09-07T18:29:07.01164197Z,0.4381389021873474
2024-09-07T18:29:07.538481044Z,0.4620809257030487
2024-09-07T18:29:08.054688061Z,0.45489832758903503
2024-09-07T18:29:08.5796937Z,0.4141969084739685
2024-09-07T18:29:09.097371216Z,0.44771572947502136
2024-09-07T18:29:09.62957868Z,0.47884035110473633
2024-09-07T18:29:10.147367247Z,0.4213795065879822
2024-09-07T18:29:10.672555651Z,0.4572925269603729
2024-09-07T18:29:11.1903316Z,0.42616790533065796
2024-09-07T18:29:11.719619631Z,0.45010992884635925
2024-09-07T18:29:12.34948867Z,0.4357447028160095
2024-09-07T18:29:12.85968925Z,0.4620809257030487
2024-09-07T18:29:13.379611265Z,0.4118026793003082
2024-09-07T18:29:13.902885459Z,0.40940847992897034
2024-09-07T18:29:14.525154995Z,0.4141969084739685
2024-09-07T18:29:15.051981925Z,0.49799394607543945
2024-09-07T18:29:15.575479292Z,0.48602294921875
2024-09-07T18:29:16.106954728Z,0.45489832758903503
2024-09-07T18:29:16.618721562Z,0.4118026793003082
2024-09-07T18:29:17.167858006Z,0.49320554733276367
2024-09-07T18:29:17.686732367Z,0.40940847992897034
2024-09-07T18:29:18.200961878Z,0.44532153010368347
2024-09-07T18:29:18.710592975Z,0.43095630407333374
2024-09-07T18:29:19.242759456Z,0.42856210470199585
2024-09-07T18:29:19.752777984Z,0.395043283700943
2024-09-07T18:29:20.282082338Z,0.49320554733276367
2024-09-07T18:29:20.811078118Z,0.3423708379268646
2024-09-07T18:29:21.348504893Z,0.40462008118629456
2024-09-07T18:29:21.858105628Z,0.5410895943641663
2024-09-07T18:29:22.37375789Z,0.3902548849582672
2024-09-07T18:29:22.900247469Z,0.4141969084739685
2024-09-07T18:29:23.426194414Z,0.3902548849582672
2024-09-07T18:29:23.944135493Z,0.47405192255973816
2024-09-07T18:29:24.478070727Z,0.4429273009300232
2024-09-07T18:29:25.012412Z,0.4620809257030487
2024-09-07T18:29:25.514043413Z,0.45010992884635925
2024-09-07T18:29:26.054964932Z,0.4429273009300232
2024-09-07T18:29:26.56756382Z,0.45010992884635925
2024-09-07T18:29:27.188812678Z,0.4620809257030487
2024-09-07T18:29:27.743943597Z,0.44532153010368347
2024-09-07T18:29:28.247927189Z,0.4141969084739685
2024-09-07T18:29:28.770358275Z,0.40940847992897034
2024-09-07T18:29:29.309912233Z,0.47644615173339844
2024-09-07T18:29:29.945040846Z,0.43335050344467163
2024-09-07T18:29:30.462882609Z,0.4572925269603729
2024-09-07T18:29:30.991950947Z,0.40940847992897034
2024-09-07T18:29:31.511138014Z,0.49320554733276367
2024-09-07T18:29:32.04305356Z,0.45010992884635925
2024-09-07T18:29:32.568226372Z,0.4213795065879822
2024-09-07T18:29:33.094571576Z,0.4884171485900879
2024-09-07T18:29:33.642346028Z,0.47405192255973816
2024-09-07T18:29:34.158455652Z,0.44771572947502136
2024-09-07T18:29:34.69587885Z,0.40222588181495667
2024-09-07T18:29:35.202233298Z,0.3974374830722809
2024-09-07T18:29:35.735257137Z,0.40940847992897034
2024-09-07T18:29:36.277531015Z,0.43095630407333374
2024-09-07T18:29:36.791365374Z,0.47644615173339844
2024-09-07T18:29:37.32016701Z,0.4357447028160095
2024-09-07T18:29:37.870084078Z,0.4620809257030487
2024-09-07T18:29:39.698583915Z,0.4668693244457245
2024-09-07T18:29:39.703456421Z,0.44532153010368347
2024-09-07T18:29:39.707722563Z,0.4620809257030487
2024-09-07T18:29:40.120295514Z,0.4405331015586853
2024-09-07T18:29:40.536285248Z,0.5027823448181152
2024-09-07T18:29:41.065186942Z,0.42856210470199585
2024-09-07T18:29:41.587564304Z,0.42377370595932007
2024-09-07T18:29:42.215344825Z,0.42856210470199585
2024-09-07T18:29:42.7507341Z,0.4405331015586853
2024-09-07T18:29:43.278941811Z,0.42856210470199585
2024-09-07T18:29:43.80442518Z,0.4692635238170624
2024-09-07T18:29:44.324824636Z,0.45489832758903503
2024-09-07T18:29:44.849535817Z,0.47405192255973816
2024-09-07T18:29:45.368659815Z,0.4596867263317108
2024-09-07T18:29:45.914466959Z,0.47884035110473633
2024-09-07T18:29:46.431654795Z,0.4165911078453064
2024-09-07T18:29:46.966890562Z,0.38546648621559143
2024-09-07T18:29:47.493504542Z,0.40222588181495667
2024-09-07T18:29:48.014782644Z,0.42856210470199585
2024-09-07T18:29:48.544380997Z,0.45010992884635925
2024-09-07T18:29:49.070502039Z,0.4357447028160095
2024-09-07T18:29:49.591425764Z,0.43335050344467163
2024-09-07T18:29:50.128981173Z,0.42377370595932007
2024-09-07T18:29:50.659475121Z,0.4357447028160095
2024-09-07T18:29:51.178624411Z,0.47644615173339844
2024-09-07T18:29:51.72741046Z,0.44771572947502136
2024-09-07T18:29:52.228917693Z,0.4381389021873474
2024-09-07T18:29:52.767207005Z,0.43095630407333374
2024-09-07T18:29:53.293739241Z,0.4668693244457245
2024-09-07T18:29:53.817939491Z,0.4405331015586853
2024-09-07T18:29:54.33970407Z,0.43335050344467163
2024-09-07T18:29:54.867603608Z,0.45250412821769714
2024-09-07T18:29:55.395475745Z,0.3998316824436188
2024-09-07T18:29:55.925058488Z,0.4357447028160095
2024-09-07T18:29:56.449781372Z,0.3902548849582672
2024-09-07T18:29:56.976059393Z,0.5410895943641663
2024-09-07T18:29:57.510795578Z,0.4429273009300232
2024-09-07T18:29:58.042525649Z,0.4596867263317108
2024-09-07T18:29:58.587848096Z,0.395043283700943
2024-09-07T18:29:59.098722072Z,0.3926490843296051
2024-09-07T18:29:59.617005928Z,0.5027823448181152
2024-09-07T18:30:00.156849895Z,0.4644751250743866
2024-09-07T18:30:00.677185199Z,0.43335050344467163
2024-09-07T18:30:01.210837284Z,0.5123591423034668
2024-09-07T18:30:01.722627728Z,0.3998316824436188
2024-09-07T18:30:02.258034461Z,0.4405331015586853
2024-09-07T18:30:02.777418821Z,0.43335050344467163
2024-09-07T18:30:03.315595165Z,0.3926490843296051
2024-09-07T18:30:03.83642615Z,0.5889736413955688
2024-09-07T18:30:04.367130619Z,0.5267243981361389
2024-09-07T18:30:04.893398369Z,0.4572925269603729
2024-09-07T18:30:05.410177249Z,0.5386953949928284
2024-09-07T18:30:05.933152518Z,0.47644615173339844
2024-09-07T18:30:06.466149145Z,0.43095630407333374
2024-09-07T18:30:06.991206939Z,0.4165911078453064
2024-09-07T18:30:07.52405113Z,0.40701428055763245
2024-09-07T18:30:08.055625908Z,0.3687070608139038
2024-09-07T18:30:08.585959672Z,0.4189853072166443
2024-09-07T18:30:09.10490472Z,0.4405331015586853
2024-09-07T18:30:09.629356892Z,0.5147533416748047
2024-09-07T18:30:15.32230127Z,0.4118026793003082
2024-09-07T18:30:15.326137019Z,0.3711012601852417
2024-09-07T18:30:15.330779656Z,0.4189853072166443
2024-09-07T18:30:15.790980613Z,0.42377370595932007
2024-09-07T18:30:15.84226045Z,0.3758896589279175
2024-09-07T18:30:16.362472282Z,0.42856210470199585
2024-09-07T18:30:16.885286873Z,0.4118026793003082
2024-09-07T18:30:17.410766689Z,0.4429273009300232
2024-09-07T18:30:17.904646246Z,0.5363011956214905
2024-09-07T18:30:18.44227798Z,0.3711012601852417
2024-09-07T18:30:18.940166625Z,0.43095630407333374
2024-09-07T18:30:19.472461588Z,0.4165911078453064
2024-09-07T18:30:19.990328913Z,0.4884171485900879
2024-09-07T18:30:20.512204509Z,0.4620809257030487
2024-09-07T18:30:21.046016486Z,0.4572925269603729
2024-09-07T18:30:21.553302942Z,0.5051765441894531
2024-09-07T18:30:22.073454156Z,0.42616790533065796
2024-09-07T18:30:22.586375529Z,0.5003881454467773
2024-09-07T18:30:23.127617678Z,0.38067805767059326
2024-09-07T18:30:23.624786642Z,0.43095630407333374
2024-09-07T18:30:24.170727445Z,0.4118026793003082
2024-09-07T18:30:24.736558959Z,0.5003881454467773
2024-09-07T18:30:25.196969528Z,0.40222588181495667
2024-09-07T18:30:25.709894235Z,0.5386953949928284
2024-09-07T18:30:26.225965782Z,0.42856210470199585
2024-09-07T18:30:26.746490771Z,0.49559974670410156
2024-09-07T18:30:27.275133431Z,0.43335050344467163
2024-09-07T18:30:27.787617282Z,0.45489832758903503
2024-09-07T18:30:28.309643091Z,0.44771572947502136
2024-09-07T18:30:28.839678244Z,0.5291185975074768
2024-09-07T18:30:29.347123609Z,0.45010992884635925
2024-09-07T18:30:29.863991193Z,0.4620809257030487
2024-09-07T18:30:30.391635027Z,0.44532153010368347
2024-09-07T18:30:30.906610101Z,0.4644751250743866
2024-09-07T18:30:31.419653504Z,0.4381389021873474
2024-09-07T18:30:31.932770612Z,0.3687070608139038
2024-09-07T18:30:32.456544977Z,0.4429273009300232
2024-09-07T18:30:32.97297611Z,0.44771572947502136
2024-09-07T18:30:33.486818359Z,0.42856210470199585
2024-09-07T18:30:34.01521463Z,0.43095630407333374
2024-09-07T18:30:34.531104836Z,0.45250412821769714
2024-09-07T18:30:35.05387427Z,0.4141969084739685
2024-09-07T18:30:35.688463976Z,0.43335050344467163
2024-09-07T18:30:36.194936718Z,0.4165911078453064
2024-09-07T18:30:36.739050712Z,0.4644751250743866
2024-09-07T18:30:37.24988424Z,0.47884035110473633
2024-09-07T18:30:37.763769137Z,0.4213795065879822
2024-09-07T18:30:38.285036258Z,0.47165772318840027
2024-09-07T18:30:39.484791181Z,0.4572925269603729
2024-09-07T18:30:39.488067308Z,0.49559974670410156
2024-09-07T18:30:39.867917227Z,0.5027823448181152
2024-09-07T18:30:40.403003309Z,0.42616790533065796
2024-09-07T18:30:40.906048098Z,0.4429273009300232
2024-09-07T18:30:41.428933846Z,0.45010992884635925
2024-09-07T18:30:41.965864144Z,0.45489832758903503
2024-09-07T18:30:42.478645063Z,0.44532153010368347
2024-09-07T18:30:42.995810549Z,0.4381389021873474
2024-09-07T18:30:43.53175572Z,0.45250412821769714
2024-09-07T18:30:44.046558043Z,0.4405331015586853
2024-09-07T18:30:44.567309834Z,0.45250412821769714
2024-09-07T18:30:45.086923469Z,0.44771572947502136
2024-09-07T18:30:45.618125212Z,0.42856210470199585
2024-09-07T18:30:46.15513564Z,0.45250412821769714
2024-09-07T18:30:46.665245704Z,0.3758896589279175
2024-09-07T18:30:47.193290188Z,0.45250412821769714
2024-09-07T18:30:47.700466735Z,0.4908113479614258
2024-09-07T18:30:48.221063127Z,0.4620809257030487
2024-09-07T18:30:48.741559769Z,0.42377370595932007
2024-09-07T18:30:49.261267995Z,0.4572925269603729
2024-09-07T18:30:49.787053063Z,0.4908113479614258
2024-09-07T18:30:50.331019833Z,0.45489832758903503
2024-09-07T18:30:50.841294866Z,0.4572925269603729
2024-09-07T18:30:51.369095919Z,0.5291185975074768
2024-09-07T18:30:51.971226931Z,0.4644751250743866
2024-09-07T18:30:52.425218993Z,0.42856210470199585
2024-09-07T18:30:52.934407727Z,0.43335050344467163
2024-09-07T18:30:53.45727796Z,0.3878606855869293
2024-09-07T18:30:53.978441576Z,0.5051765441894531
2024-09-07T18:30:54.50727903Z,0.42856210470199585
2024-09-07T18:30:55.055232177Z,0.3974374830722809
2024-09-07T18:30:55.572678917Z,0.4668693244457245
2024-09-07T18:30:56.078442302Z,0.42616790533065796
2024-09-07T18:30:56.599935243Z,0.36152446269989014
2024-09-07T18:30:57.122671962Z,0.37828385829925537
2024-09-07T18:30:57.647633974Z,0.4692635238170624
2024-09-07T18:30:58.168331409Z,0.43095630407333374
2024-09-07T18:30:58.690236506Z,0.4908113479614258
2024-09-07T18:30:59.229906802Z,0.38546648621559143
2024-09-07T18:30:59.73241761Z,0.4644751250743866
2024-09-07T18:31:00.268841363Z,0.4381389021873474
2024-09-07T18:31:00.784815141Z,0.3998316824436188
2024-09-07T18:31:01.321642273Z,0.44771572947502136
2024-09-07T18:31:01.833431755Z,0.49799394607543945
2024-09-07T18:31:02.356724782Z,0.3926490843296051
2024-09-07T18:31:02.874819878Z,0.4668693244457245
2024-09-07T18:31:03.397524282Z,0.4429273009300232
2024-09-07T18:31:03.922418906Z,0.4357447028160095
2024-09-07T18:31:04.439487628Z,0.21787235140800476
2024-09-07T18:31:04.977753265Z,0.3974374830722809
2024-09-07T18:31:05.498592627Z,0.40701428055763245
2024-09-07T18:31:06.026582779Z,0.4620809257030487
2024-09-07T18:31:06.542501917Z,0.43095630407333374
2024-09-07T18:31:07.055961203Z,0.4596867263317108
2024-09-07T18:31:07.599830404Z,0.4141969084739685
2024-09-07T18:31:08.110544241Z,0.4429273009300232
2024-09-07T18:31:08.657593585Z,0.44532153010368347
2024-09-07T18:31:09.178879888Z,0.4596867263317108
2024-09-07T18:31:09.719736392Z,0.4429273009300232
2024-09-07T18:31:10.228474982Z,0.4572925269603729
2024-09-07T18:31:10.749590595Z,0.45489832758903503
2024-09-07T18:31:11.287651182Z,0.44532153010368347
2024-09-07T18:31:11.807672818Z,0.47165772318840027
2024-09-07T18:31:12.345490169Z,0.45010992884635925
2024-09-07T18:31:12.8768295Z,0.4620809257030487
2024-09-07T18:31:13.396875987Z,0.4572925269603729
2024-09-07T18:31:13.92096101Z,0.4141969084739685
2024-09-07T18:31:14.446156985Z,0.43095630407333374
2024-09-07T18:31:14.97993105Z,0.4668693244457245
2024-09-07T18:31:15.502931312Z,0.45489832758903503
2024-09-07T18:31:16.036170267Z,0.4429273009300232
2024-09-07T18:31:16.563860376Z,0.40940847992897034
2024-09-07T18:31:17.105793536Z,0.4692635238170624
2024-09-07T18:31:17.613000909Z,0.4381389021873474
2024-09-07T18:31:18.131936678Z,0.4596867263317108
2024-09-07T18:31:18.68195988Z,0.43335050344467163
2024-09-07T18:31:19.209887156Z,0.47165772318840027
2024-09-07T18:31:19.744076512Z,0.47884035110473633
2024-09-07T18:31:20.269788038Z,0.4668693244457245
2024-09-07T18:31:20.807621211Z,0.45250412821769714
2024-09-07T18:31:21.326043822Z,0.5674257874488831
2024-09-07T18:31:21.872805034Z,0.6129156351089478
2024-09-07T18:31:22.393886915Z,0.4189853072166443
2024-09-07T18:31:22.915916825Z,0.48602294921875
2024-09-07T18:31:23.451304948Z,0.40940847992897034
2024-09-07T18:31:23.994874224Z,0.44532153010368347
2024-09-07T18:31:24.517834168Z,0.40940847992897034
2024-09-07T18:31:25.048320576Z,0.3447650372982025
2024-09-07T18:31:25.586055189Z,0.4620809257030487
2024-09-07T18:31:26.111561925Z,0.4596867263317108
2024-09-07T18:31:26.645455718Z,0.608127236366272
2024-09-07T18:31:27.175107333Z,0.49799394607543945
2024-09-07T18:31:27.705772911Z,0.4405331015586853
2024-09-07T18:31:28.233199369Z,0.42616790533065796
2024-09-07T18:31:28.756990126Z,0.4118026793003082
2024-09-07T18:31:29.293172013Z,0.4357447028160095
2024-09-07T18:31:29.808181437Z,0.4596867263317108
2024-09-07T18:31:30.332969138Z,0.4141969084739685
2024-09-07T18:31:30.872100404Z,0.45489832758903503
2024-09-07T18:31:31.499227289Z,0.3902548849582672
2024-09-07T18:31:32.026017251Z,0.40462008118629456
2024-09-07T18:31:32.541296535Z,0.45010992884635925
2024-09-07T18:31:33.072040793Z,0.33279404044151306
2024-09-07T18:31:33.603029799Z,0.15083470940589905
2024-09-07T18:31:34.140306917Z,0.42856210470199585
2024-09-07T18:31:34.672419836Z,0.4189853072166443
2024-09-07T18:31:35.185349512Z,0.4381389021873474
2024-09-07T18:31:35.711364017Z,0.40701428055763245
2024-09-07T18:31:36.242644534Z,0.42856210470199585
2024-09-07T18:31:36.769935231Z,0.43095630407333374
2024-09-07T18:31:37.299209222Z,0.4118026793003082
2024-09-07T18:31:37.838477105Z,0.42856210470199585
2024-09-07T18:31:38.358538724Z,0.48602294921875
2024-09-07T18:31:38.879571827Z,0.4405331015586853
2024-09-07T18:31:39.406324218Z,0.38067805767059326
2024-09-07T18:31:39.938262336Z,0.40701428055763245
2024-09-07T18:31:40.46818538Z,0.45010992884635925
2024-09-07T18:31:41.138313805Z,0.4381389021873474
2024-09-07T18:31:41.535239937Z,0.45489832758903503
2024-09-07T18:31:42.053246166Z,0.45010992884635925
2024-09-07T18:31:42.655525838Z,0.43335050344467163
2024-09-07T18:31:43.100569739Z,0.4572925269603729
2024-09-07T18:31:43.65054882Z,0.44771572947502136
2024-09-07T18:31:44.249459605Z,0.4596867263317108
2024-09-07T18:31:44.687121302Z,0.40222588181495667
2024-09-07T18:31:45.224758972Z,0.6751648783683777
2024-09-07T18:31:45.744764088Z,0.6631938815116882
2024-09-07T18:31:46.296412906Z,0.26575639843940735
2024-09-07T18:31:46.832547287Z,0.4189853072166443
2024-09-07T18:31:47.350636014Z,0.36152446269989014
2024-09-07T18:31:47.888165516Z,0.40222588181495667
2024-09-07T18:31:48.448579734Z,0.4884171485900879
2024-09-07T18:31:48.945785139Z,0.49559974670410156
2024-09-07T18:31:49.611474248Z,0.44771572947502136
2024-09-07T18:31:50.184782398Z,0.5171475410461426
2024-09-07T18:31:50.559830753Z,0.4381389021873474
2024-09-07T18:31:51.155548088Z,0.40940847992897034
2024-09-07T18:31:51.593655706Z,0.4357447028160095
2024-09-07T18:31:52.120393469Z,0.40462008118629456
2024-09-07T18:31:52.647988356Z,0.4908113479614258
2024-09-07T18:31:53.178861173Z,0.47165772318840027
2024-09-07T18:31:53.715413244Z,0.3902548849582672
2024-09-07T18:31:54.245786115Z,0.5003881454467773
2024-09-07T18:31:54.770884456Z,0.4357447028160095
2024-09-07T18:31:55.315836046Z,0.4429273009300232
2024-09-07T18:31:55.889108668Z,0.42377370595932007
2024-09-07T18:31:56.380658892Z,0.4884171485900879
2024-09-07T18:31:56.901984434Z,0.47644615173339844
2024-09-07T18:31:57.424931071Z,0.49320554733276367
2024-09-07T18:31:57.96647582Z,0.4884171485900879
2024-09-07T18:31:58.494990716Z,0.4189853072166443
2024-09-07T18:31:59.033548026Z,0.4812345504760742
2024-09-07T18:31:59.564374149Z,0.4884171485900879
2024-09-07T18:32:00.092244076Z,0.49799394607543945
2024-09-07T18:32:00.631666148Z,0.4213795065879822
2024-09-07T18:32:01.14905114Z,0.40462008118629456
2024-09-07T18:32:01.693906794Z,0.42616790533065796
2024-09-07T18:32:02.329970901Z,0.3926490843296051
2024-09-07T18:32:02.843401448Z,0.38546648621559143
2024-09-07T18:32:03.371148409Z,0.45489832758903503
2024-09-07T18:32:03.897393809Z,0.4596867263317108
2024-09-07T18:32:04.417321715Z,0.4165911078453064
2024-09-07T18:32:04.946043307Z,0.49559974670410156
2024-09-07T18:32:05.475524953Z,0.37828385829925537
2024-09-07T18:32:06.006054873Z,0.4189853072166443
2024-09-07T18:32:06.534592542Z,0.45489832758903503
2024-09-07T18:32:07.065081139Z,0.4189853072166443
2024-09-07T18:32:07.58130441Z,0.4572925269603729
2024-09-07T18:32:08.115103494Z,0.4141969084739685
2024-09-07T18:32:08.641460799Z,0.4620809257030487
2024-09-07T18:32:09.169107482Z,0.43095630407333374
2024-09-07T18:32:09.695340709Z,0.40222588181495667
2024-09-07T18:32:10.227232181Z,0.4357447028160095
2024-09-07T18:32:10.761051295Z,0.4165911078453064
2024-09-07T18:32:11.28736438Z,0.43095630407333374
2024-09-07T18:32:11.809492696Z,0.4405331015586853
2024-09-07T18:32:12.332290024Z,0.4836287498474121
2024-09-07T18:32:12.870751206Z,0.4692635238170624
2024-09-07T18:32:13.391892542Z,0.40940847992897034
2024-09-07T18:32:13.918554076Z,0.44771572947502136
2024-09-07T18:32:14.443476341Z,0.42377370595932007
2024-09-07T18:32:14.973033703Z,0.4572925269603729
2024-09-07T18:32:15.503422762Z,0.4357447028160095
2024-09-07T18:32:16.031521145Z,0.4572925269603729
2024-09-07T18:32:16.556443691Z,0.4692635238170624
2024-09-07T18:32:17.084464601Z,0.4668693244457245
2024-09-07T18:32:17.607601642Z,0.48602294921875
2024-09-07T18:32:18.127446042Z,0.4692635238170624
2024-09-07T18:32:18.659698161Z,0.45489832758903503
2024-09-07T18:32:19.191579327Z,0.4357447028160095
2024-09-07T18:32:19.722208373Z,0.4692635238170624
2024-09-07T18:32:20.254291118Z,0.47884035110473633
2024-09-07T18:32:20.768273162Z,0.4668693244457245
2024-09-07T18:32:21.295523905Z,0.4405331015586853
2024-09-07T18:32:21.821215947Z,0.47644615173339844
2024-09-07T18:32:22.363583535Z,0.4572925269603729
2024-09-07T18:32:22.879746768Z,0.4429273009300232
2024-09-07T18:32:23.41363119Z,0.4620809257030487
2024-09-07T18:32:23.932016145Z,0.4357447028160095
2024-09-07T18:32:24.463758027Z,0.4572925269603729
2024-09-07T18:32:24.984936079Z,0.4213795065879822
2024-09-07T18:32:25.521095101Z,0.4429273009300232
2024-09-07T18:32:26.04357883Z,0.4596867263317108
2024-09-07T18:32:26.572786055Z,0.42616790533065796
2024-09-07T18:32:27.099939828Z,0.4596867263317108
2024-09-07T18:32:27.627815721Z,0.47644615173339844
2024-09-07T18:32:28.151443039Z,0.43335050344467163
2024-09-07T18:32:28.672698412Z,0.4429273009300232
2024-09-07T18:32:29.206852379Z,0.45010992884635925
2024-09-07T18:32:29.729952229Z,0.44532153010368347
2024-09-07T18:32:30.271575756Z,0.5051765441894531
2024-09-07T18:32:30.792739109Z,0.3016694188117981
2024-09-07T18:32:31.328805207Z,0.5027823448181152
2024-09-07T18:32:31.861734883Z,0.4381389021873474
2024-09-07T18:32:32.383628761Z,0.586579442024231
2024-09-07T18:32:32.911515958Z,0.4644751250743866
2024-09-07T18:32:33.433511789Z,0.43095630407333374
2024-09-07T18:32:33.952204473Z,0.4668693244457245
2024-09-07T18:32:34.486859004Z,0.4572925269603729
2024-09-07T18:32:35.004164428Z,0.4429273009300232
2024-09-07T18:32:35.531302766Z,0.44771572947502136
2024-09-07T18:32:36.081957528Z,0.4572925269603729
2024-09-07T18:32:36.599881514Z,0.42377370595932007
2024-09-07T18:32:37.122938531Z,0.43335050344467163
2024-09-07T18:32:37.778098417Z,0.4644751250743866
2024-09-07T18:32:38.274120203Z,0.4405331015586853
2024-09-07T18:32:38.807337304Z,0.44532153010368347
2024-09-07T18:32:39.387228523Z,0.4405331015586853
2024-09-07T18:32:40.833978987Z,0.45489832758903503
2024-09-07T18:32:40.837181717Z,0.4381389021873474
2024-09-07T18:32:40.915077705Z,0.3663128614425659
2024-09-07T18:32:41.409925541Z,0.5841852426528931
2024-09-07T18:32:41.938936972Z,0.42377370595932007
2024-09-07T18:32:42.478961902Z,0.4141969084739685
2024-09-07T18:32:42.986401501Z,0.5051765441894531
2024-09-07T18:32:43.574435567Z,0.4644751250743866
2024-09-07T18:32:44.027162687Z,0.47644615173339844
2024-09-07T18:32:44.54861064Z,0.4812345504760742
2024-09-07T18:32:53.34652122Z,0.5817909836769104
2024-09-07T18:32:53.351405576Z,0.40940847992897034
2024-09-07T18:32:53.355244285Z,0.4381389021873474
2024-09-07T18:32:53.881234196Z,0.4572925269603729
2024-09-07T18:32:54.471790672Z,0.43335050344467163
2024-09-07T18:32:54.98567839Z,0.44771572947502136
2024-09-07T18:32:55.510490971Z,0.4357447028160095
2024-09-07T18:32:56.0334957Z,0.4620809257030487
2024-09-07T18:32:56.566896511Z,0.4429273009300232
2024-09-07T18:32:57.082432345Z,0.4596867263317108
2024-09-07T18:32:57.611342445Z,0.4381389021873474
2024-09-07T18:32:58.132690686Z,0.4644751250743866
2024-09-07T18:32:58.655676793Z,0.5123591423034668
2024-09-07T18:32:59.184633046Z,0.5027823448181152
2024-09-07T18:32:59.701466514Z,0.44532153010368347
2024-09-07T18:33:00.227632022Z,0.4812345504760742
2024-09-07T18:33:00.750296748Z,0.4644751250743866
2024-09-07T18:33:01.285045718Z,0.4572925269603729
2024-09-07T18:33:01.815423873Z,0.45010992884635925
2024-09-07T18:33:02.330366103Z,0.4668693244457245
2024-09-07T18:33:02.852769527Z,0.45250412821769714
2024-09-07T18:33:03.380001097Z,0.47165772318840027
2024-09-07T18:33:03.893175348Z,0.4620809257030487
2024-09-07T18:33:04.417937735Z,0.49320554733276367
2024-09-07T18:33:04.934974892Z,0.45489832758903503
2024-09-07T18:33:05.466904463Z,0.4812345504760742
2024-09-07T18:33:05.9849497Z,0.48602294921875
2024-09-07T18:33:06.522837587Z,0.49799394607543945
2024-09-07T18:33:07.162580401Z,0.47884035110473633
2024-09-07T18:33:07.686765781Z,0.4429273009300232
2024-09-07T18:33:08.217656478Z,0.47884035110473633
2024-09-07T18:33:08.733780469Z,0.49320554733276367
2024-09-07T18:33:09.807774593Z,0.4908113479614258
2024-09-07T18:33:09.811513197Z,0.47165772318840027
2024-09-07T18:33:10.314818981Z,0.4644751250743866
2024-09-07T18:33:10.830176586Z,0.4836287498474121
2024-09-07T18:33:11.35078802Z,0.5051765441894531
2024-09-07T18:33:11.874904627Z,0.45250412821769714
2024-09-07T18:33:12.403850664Z,0.47165772318840027
2024-09-07T18:33:12.922914363Z,0.4812345504760742
2024-09-07T18:33:13.447373205Z,0.47644615173339844
2024-09-07T18:33:13.988705934Z,0.47405192255973816
2024-09-07T18:33:14.492835736Z,0.45250412821769714
2024-09-07T18:33:15.016050836Z,0.4692635238170624
2024-09-07T18:33:15.566001917Z,0.4884171485900879
2024-09-07T18:33:16.073158499Z,0.49559974670410156
2024-09-07T18:33:16.583032927Z,0.47884035110473633
2024-09-07T18:33:17.107888878Z,0.5099649429321289
2024-09-07T18:33:17.638447944Z,0.4644751250743866
2024-09-07T18:33:18.159090128Z,0.4668693244457245
2024-09-07T18:33:18.68822593Z,0.4692635238170624
2024-09-07T18:33:19.209092331Z,0.47884035110473633
2024-09-07T18:33:19.769373688Z,0.4141969084739685
2024-09-07T18:33:20.273920918Z,0.09576806426048279
2024-09-07T18:33:21.89848538Z,0.3519476354122162
2024-09-07T18:33:21.902589479Z,0.4189853072166443
2024-09-07T18:33:21.91134177Z,0.47405192255973816
2024-09-07T18:33:22.354938481Z,0.4812345504760742
2024-09-07T18:33:22.881577006Z,0.47644615173339844
2024-09-07T18:33:23.395152434Z,0.4836287498474121
2024-09-07T18:33:23.963505096Z,0.42856210470199585
2024-09-07T18:33:24.436390339Z,0.40701428055763245
2024-09-07T18:33:24.970671195Z,0.4692635238170624
2024-09-07T18:33:25.48723699Z,0.45250412821769714
2024-09-07T18:33:26.013317364Z,0.4572925269603729
2024-09-07T18:33:26.537186484Z,0.48602294921875
2024-09-07T18:33:27.824140672Z,0.4189853072166443
2024-09-07T18:33:27.827006998Z,0.4429273009300232
2024-09-07T18:33:28.110423381Z,0.47884035110473633
2024-09-07T18:33:28.658280269Z,0.43335050344467163
2024-09-07T18:33:29.167372906Z,0.42616790533065796
2024-09-07T18:33:29.764061217Z,0.4620809257030487
2024-09-07T18:33:30.192896005Z,0.4908113479614258
2024-09-07T18:33:30.759225049Z,0.507570743560791
2024-09-07T18:33:31.24813771Z,0.4429273009300232
2024-09-07T18:33:31.805411656Z,0.4692635238170624
2024-09-07T18:33:32.858648972Z,0.5027823448181152
2024-09-07T18:33:32.8620031Z,0.8140285611152649
2024-09-07T18:33:33.342699656Z,0.38307225704193115
2024-09-07T18:33:36.734817459Z,0.44532153010368347
2024-09-07T18:33:36.737719013Z,0.4644751250743866
2024-09-07T18:33:36.741502025Z,0.4596867263317108
2024-09-07T18:33:36.744995954Z,0.4644751250743866
2024-09-07T18:33:37.705322373Z,0.42616790533065796
2024-09-07T18:33:37.712573383Z,0.4572925269603729
2024-09-07T18:33:38.23160709Z,0.6057330369949341
2024-09-07T18:33:38.78285176Z,0.4884171485900879
2024-09-07T18:33:39.269383543Z,0.5506663918495178
2024-09-07T18:33:39.792652484Z,0.4572925269603729
2024-09-07T18:33:40.315554415Z,0.5961562395095825
2024-09-07T18:33:40.840567976Z,0.4596867263317108
2024-09-07T18:33:41.354785999Z,0.49320554733276367
2024-09-07T18:33:41.876573089Z,0.4668693244457245
2024-09-07T18:33:42.432621155Z,0.4141969084739685
2024-09-07T18:33:42.914313127Z,0.4812345504760742
2024-09-07T18:33:43.428963732Z,0.4429273009300232
2024-09-07T18:33:44.129991616Z,0.42856210470199585
2024-09-07T18:33:44.469774167Z,0.4572925269603729
2024-09-07T18:33:46.865226827Z,0.47884035110473633
2024-09-07T18:33:46.866802851Z,0.4908113479614258
2024-09-07T18:33:46.868365981Z,0.45489832758903503
2024-09-07T18:33:46.869972696Z,0.38546648621559143
2024-09-07T18:33:47.049968234Z,0.4668693244457245
2024-09-07T18:33:47.578841897Z,0.4572925269603729
2024-09-07T18:33:48.090130691Z,0.3663128614425659
2024-09-07T18:33:48.618262427Z,0.4596867263317108
2024-09-07T18:33:49.12817665Z,0.545877993106842
2024-09-07T18:33:49.648020915Z,0.47165772318840027
2024-09-07T18:33:50.181420723Z,0.4836287498474121
2024-09-07T18:33:50.685929667Z,0.3447650372982025
2024-09-07T18:33:51.212994853Z,0.40940847992897034
2024-09-07T18:33:51.72301469Z,0.3495534360408783
2024-09-07T18:33:52.246920762Z,0.4429273009300232
2024-09-07T18:33:52.771208512Z,0.33039984107017517
2024-09-07T18:33:53.292217735Z,0.40462008118629456
2024-09-07T18:33:53.820230297Z,0.4405331015586853
2024-09-07T18:33:54.337744885Z,0.40701428055763245
2024-09-07T18:33:54.8487878Z,0.3974374830722809
2024-09-07T18:33:55.370188488Z,0.40222588181495667
2024-09-07T18:33:55.936282655Z,0.3758896589279175
2024-09-07T18:33:56.434431374Z,0.4405331015586853
2024-09-07T18:33:56.922176978Z,0.5051765441894531
2024-09-07T18:33:57.443214151Z,0.4141969084739685
2024-09-07T18:33:57.967440541Z,0.5099649429321289
2024-09-07T18:33:58.489731123Z,0.4141969084739685
2024-09-07T18:33:59.01557172Z,0.40701428055763245
2024-09-07T18:33:59.534072168Z,0.4165911078453064
2024-09-07T18:34:00.070177638Z,0.43335050344467163
2024-09-07T18:34:00.594091229Z,0.4118026793003082
2024-09-07T18:34:01.110762926Z,0.43335050344467163
2024-09-07T18:34:01.622092368Z,0.43095630407333374
2024-09-07T18:34:02.20074705Z,0.4357447028160095
2024-09-07T18:34:02.672959091Z,0.4381389021873474
2024-09-07T18:34:03.194431961Z,0.4812345504760742
2024-09-07T18:34:03.733617176Z,0.10773907601833344
2024-09-07T18:34:04.242762842Z,0.47884035110473633
2024-09-07T18:34:04.780191618Z,0.5099649429321289
2024-09-07T18:34:05.293734812Z,0.4620809257030487
2024-09-07T18:34:05.827930217Z,0.47405192255973816
2024-09-07T18:34:06.344500954Z,0.4165911078453064
2024-09-07T18:34:06.869777512Z,0.37828385829925537
2024-09-07T18:34:07.404327609Z,0.3998316824436188
2024-09-07T18:34:07.909568056Z,0.45010992884635925
2024-09-07T18:34:08.467121874Z,0.5195417404174805
2024-09-07T18:34:08.980100886Z,0.4118026793003082
2024-09-07T18:34:09.488509509Z,0.3519476354122162
2024-09-07T18:34:10.053745197Z,0.4189853072166443
2024-09-07T18:34:10.667526091Z,0.47644615173339844
2024-09-07T18:34:11.209291502Z,0.38546648621559143
2024-09-07T18:34:11.707688374Z,0.42377370595932007
2024-09-07T18:34:12.25652877Z,0.45250412821769714
2024-09-07T18:34:12.768458421Z,0.3902548849582672
2024-09-07T18:34:13.2839021Z,0.3734954595565796
2024-09-07T18:34:13.840920799Z,0.3758896589279175
2024-09-07T18:34:14.351713133Z,0.5315127968788147
2024-09-07T18:34:14.87003215Z,0.47884035110473633
2024-09-07T18:34:15.400486468Z,0.31603461503982544
2024-09-07T18:34:15.9372053Z,0.3711012601852417
2024-09-07T18:34:16.4615194Z,0.3878606855869293
2024-09-07T18:34:17.004610771Z,0.42856210470199585
2024-09-07T18:34:17.512563236Z,0.3998316824436188
2024-09-07T18:34:18.035688253Z,0.37828385829925537
2024-09-07T18:34:18.567613674Z,0.40222588181495667
2024-09-07T18:34:19.093436088Z,0.3758896589279175
2024-09-07T18:34:19.63142538Z,0.45010992884635925
2024-09-07T18:34:20.153674944Z,0.45489832758903503
2024-09-07T18:34:20.688120952Z,0.507570743560791
2024-09-07T18:34:21.201616273Z,0.5937620401382446
2024-09-07T18:34:21.730530519Z,0.4381389021873474
2024-09-07T18:34:22.35866142Z,0.4118026793003082
2024-09-07T18:34:22.887276664Z,0.40222588181495667
2024-09-07T18:34:23.427933454Z,0.5003881454467773
2024-09-07T18:34:23.953959555Z,0.35673606395721436
2024-09-07T18:34:24.832911753Z,0.40462008118629456
2024-09-07T18:34:25.705720111Z,0.4213795065879822
2024-09-07T18:34:25.784063131Z,0.4357447028160095
2024-09-07T18:34:26.090834882Z,0.4381389021873474
2024-09-07T18:34:26.590900987Z,0.4405331015586853
2024-09-07T18:34:27.104122109Z,0.33997663855552673
2024-09-07T18:34:27.60980639Z,0.40701428055763245
2024-09-07T18:34:28.128511459Z,0.45489832758903503
2024-09-07T18:34:28.649034786Z,0.4165911078453064
2024-09-07T18:34:29.995649427Z,0.4118026793003082
2024-09-07T18:34:29.998391567Z,0.43335050344467163
2024-09-07T18:34:30.210962862Z,0.4644751250743866
2024-09-07T18:34:30.729725887Z,0.4596867263317108
2024-09-07T18:34:31.257690971Z,0.4357447028160095
2024-09-07T18:34:31.7829435Z,0.4596867263317108
2024-09-07T18:34:32.312022523Z,0.4836287498474121
2024-09-07T18:34:32.838411402Z,0.4692635238170624
2024-09-07T18:34:33.368563314Z,0.4189853072166443
2024-09-07T18:34:33.888476618Z,0.42377370595932007
2024-09-07T18:34:34.422162234Z,0.4405331015586853
2024-09-07T18:34:34.965004823Z,0.4357447028160095
2024-09-07T18:34:35.475303899Z,0.3902548849582672
2024-09-07T18:34:36.014061789Z,0.4189853072166443
2024-09-07T18:34:36.53495991Z,0.5171475410461426
2024-09-07T18:34:37.073635922Z,0.4596867263317108
2024-09-07T18:34:38.149705891Z,0.4405331015586853
2024-09-07T18:34:38.154854371Z,0.45010992884635925
2024-09-07T18:34:38.647646466Z,0.4357447028160095
2024-09-07T18:34:39.190930834Z,0.363918662071228
2024-09-07T18:34:39.697419359Z,0.40222588181495667
2024-09-07T18:34:40.245522423Z,0.49559974670410156
2024-09-07T18:34:40.771158698Z,0.4596867263317108
2024-09-07T18:34:41.292044514Z,0.5530605912208557
2024-09-07T18:34:41.838354912Z,0.3974374830722809
2024-09-07T18:34:42.369058123Z,0.40940847992897034
2024-09-07T18:34:42.884359421Z,0.4189853072166443
2024-09-07T18:34:43.999917667Z,0.45489832758903503
2024-09-07T18:34:44.007111547Z,0.4118026793003082
2024-09-07T18:34:44.498566128Z,0.4213795065879822
2024-09-07T18:34:45.013365977Z,0.4405331015586853
2024-09-07T18:34:45.532353767Z,0.569819986820221
2024-09-07T18:34:46.063760145Z,0.40222588181495667
2024-09-07T18:34:46.62544805Z,0.45489832758903503
2024-09-07T18:34:47.130297502Z,0.5793967843055725
2024-09-07T18:34:47.66050445Z,0.4429273009300232
2024-09-07T18:34:48.184369336Z,0.45250412821769714
2024-09-07T18:34:48.71542587Z,0.4357447028160095
2024-09-07T18:34:49.275439518Z,0.4141969084739685
2024-09-07T18:34:49.89615625Z,0.4381389021873474
2024-09-07T18:34:50.397621527Z,0.4572925269603729
2024-09-07T18:34:50.912650513Z,0.4429273009300232
2024-09-07T18:34:51.455244395Z,0.4141969084739685
2024-09-07T18:34:51.96200332Z,0.4405331015586853
2024-09-07T18:34:52.5134754Z,0.4381389021873474
2024-09-07T18:34:53.038980855Z,0.42377370595932007
2024-09-07T18:34:53.569898576Z,0.3926490843296051
2024-09-07T18:34:54.071935634Z,0.4405331015586853
2024-09-07T18:34:54.603842957Z,0.3902548849582672
2024-09-07T18:34:55.129801598Z,0.4141969084739685
2024-09-07T18:34:55.67258851Z,0.3663128614425659
2024-09-07T18:34:56.189702515Z,0.3926490843296051
2024-09-07T18:34:56.713516631Z,0.3734954595565796
2024-09-07T18:34:57.251774988Z,0.4213795065879822
2024-09-07T18:34:57.768774902Z,0.47644615173339844
2024-09-07T18:34:58.320034039Z,0.4357447028160095
2024-09-07T18:34:58.83779058Z,0.3878606855869293
2024-09-07T18:34:59.354321007Z,0.4165911078453064
2024-09-07T18:34:59.878434991Z,0.40222588181495667
2024-09-07T18:35:00.412688633Z,0.4405331015586853
2024-09-07T18:35:00.935921093Z,0.4118026793003082
2024-09-07T18:35:01.475588209Z,0.4405331015586853
2024-09-07T18:35:01.995059398Z,0.45010992884635925
2024-09-07T18:35:02.521895912Z,0.43335050344467163
2024-09-07T18:35:03.048051463Z,0.42856210470199585
2024-09-07T18:35:03.586005941Z,0.42616790533065796
2024-09-07T18:35:04.118046385Z,0.40462008118629456
2024-09-07T18:35:04.642670643Z,0.40701428055763245
2024-09-07T18:35:05.18107758Z,0.3902548849582672
2024-09-07T18:35:05.690438526Z,0.4692635238170624
2024-09-07T18:35:06.221200577Z,0.42856210470199585
2024-09-07T18:35:06.771884433Z,0.3878606855869293
2024-09-07T18:35:07.268935413Z,0.4189853072166443
2024-09-07T18:35:07.808961873Z,0.38307225704193115
2024-09-07T18:35:08.342113954Z,0.4668693244457245
2024-09-07T18:35:08.856089421Z,0.5339069962501526
2024-09-07T18:35:09.419221163Z,0.40940847992897034
2024-09-07T18:35:09.915050513Z,0.42377370595932007
2024-09-07T18:35:10.444890051Z,0.4692635238170624
2024-09-07T18:35:10.969127147Z,0.44771572947502136
2024-09-07T18:35:11.49779172Z,0.4357447028160095
2024-09-07T18:35:12.025098878Z,0.40222588181495667
2024-09-07T18:35:12.570972007Z,0.4572925269603729
2024-09-07T18:35:13.083636639Z,0.4405331015586853
2024-09-07T18:35:13.630294716Z,0.42616790533065796
2024-09-07T18:35:14.139242616Z,0.4381389021873474
2024-09-07T18:35:14.672135322Z,0.43095630407333374
2024-09-07T18:35:15.199302006Z,0.4405331015586853
2024-09-07T18:35:15.747377688Z,0.3878606855869293
2024-09-07T18:35:16.270372658Z,0.4189853072166443
2024-09-07T18:35:16.803999101Z,0.4357447028160095
2024-09-07T18:35:17.365310997Z,0.3926490843296051
2024-09-07T18:35:18.090862366Z,0.4118026793003082
2024-09-07T18:35:18.378393921Z,0.4189853072166443
2024-09-07T18:35:18.889404799Z,0.40701428055763245
2024-09-07T18:35:19.421521604Z,0.4189853072166443
2024-09-07T18:35:19.976425543Z,0.4213795065879822
2024-09-07T18:35:20.491160886Z,0.4381389021873474
2024-09-07T18:35:21.008192687Z,0.4644751250743866
2024-09-07T18:35:21.529476612Z,0.4165911078453064
2024-09-07T18:35:22.05839815Z,0.45250412821769714
2024-09-07T18:35:22.604754928Z,0.43335050344467163
2024-09-07T18:35:23.1416573Z,0.395043283700943
2024-09-07T18:35:23.643476438Z,0.42616790533065796
2024-09-07T18:35:24.180861933Z,0.4381389021873474
2024-09-07T18:35:24.689377193Z,0.40940847992897034
2024-09-07T18:35:25.210345271Z,0.43095630407333374
2024-09-07T18:35:25.749450523Z,0.44771572947502136
2024-09-07T18:35:26.290877784Z,0.42377370595932007
2024-09-07T18:35:26.814524427Z,0.40940847992897034
2024-09-07T18:35:27.312748238Z,0.40222588181495667
2024-09-07T18:35:27.830219805Z,0.4429273009300232
2024-09-07T18:35:28.56862027Z,0.4189853072166443
2024-09-07T18:35:29.083803758Z,0.4812345504760742
2024-09-07T18:35:29.626658862Z,0.40462008118629456
2024-09-07T18:35:30.13406109Z,0.4141969084739685
2024-09-07T18:35:30.65247481Z,0.4357447028160095
2024-09-07T18:35:31.183588425Z,0.5195417404174805
2024-09-07T18:35:31.724581804Z,0.4213795065879822
2024-09-07T18:35:32.229579169Z,0.43095630407333374
2024-09-07T18:35:32.821708056Z,0.49320554733276367
2024-09-07T18:35:33.293449147Z,0.4165911078453064
2024-09-07T18:35:33.808146637Z,0.43095630407333374
2024-09-07T18:35:34.318926251Z,0.4405331015586853
2024-09-07T18:35:34.846755068Z,0.4429273009300232
2024-09-07T18:35:35.380484249Z,0.4213795065879822
2024-09-07T18:35:35.893072343Z,0.3974374830722809
2024-09-07T18:35:36.431823345Z,0.43095630407333374
2024-09-07T18:35:36.941927299Z,0.40940847992897034
2024-09-07T18:35:37.467705587Z,0.4189853072166443
2024-09-07T18:35:38.022733433Z,0.45250412821769714
2024-09-07T18:35:38.530685381Z,0.4644751250743866
2024-09-07T18:35:39.041079768Z,0.4357447028160095
2024-09-07T18:35:39.573141269Z,0.3734954595565796
2024-09-07T18:35:40.098381356Z,0.42856210470199585
2024-09-07T18:35:40.61165866Z,0.44532153010368347
2024-09-07T18:35:41.153734326Z,0.3998316824436188
2024-09-07T18:35:41.774044715Z,0.43095630407333374
2024-09-07T18:35:42.306890137Z,0.40940847992897034
2024-09-07T18:35:42.832206074Z,0.4692635238170624
2024-09-07T18:35:43.346865399Z,0.38307225704193115
2024-09-07T18:35:43.880322069Z,0.40701428055763245
2024-09-07T18:35:44.408436405Z,0.45489832758903503
2024-09-07T18:35:44.9375731Z,0.4668693244457245
2024-09-07T18:35:45.487060959Z,0.45010992884635925
2024-09-07T18:35:45.998471649Z,0.4118026793003082
2024-09-07T18:35:46.517891537Z,0.42856210470199585
2024-09-07T18:35:47.054895393Z,0.4357447028160095
2024-09-07T18:35:47.588927894Z,0.45250412821769714
2024-09-07T18:35:48.126056692Z,0.40222588181495667
2024-09-07T18:35:48.643368059Z,0.43335050344467163
2024-09-07T18:35:49.181075578Z,0.4141969084739685
2024-09-07T18:35:49.714981531Z,0.5027823448181152
2024-09-07T18:35:50.235004811Z,0.43335050344467163
2024-09-07T18:35:50.792107143Z,0.4357447028160095
2024-09-07T18:35:51.288385213Z,0.44532153010368347
2024-09-07T18:35:51.814945704Z,0.395043283700943
2024-09-07T18:35:52.341259836Z,0.43095630407333374
2024-09-07T18:35:52.879560148Z,0.4692635238170624
2024-09-07T18:35:53.41838966Z,0.42616790533065796
2024-09-07T18:35:53.938178318Z,0.40940847992897034
2024-09-07T18:35:54.453858628Z,0.4357447028160095
2024-09-07T18:35:55.008449488Z,0.524330198764801
2024-09-07T18:35:55.525631856Z,-0.5315127968788147
2024-09-07T18:35:56.051212839Z,1.0654197931289673
2024-09-07T18:35:56.56037231Z,-0.12928688526153564
2024-09-07T18:35:57.091001384Z,0.3878606855869293
2024-09-07T18:35:57.632297299Z,-0.8762778043746948
2024-09-07T18:35:58.16334446Z,0.7613561153411865
2024-09-07T18:36:04.408925932Z,4.393360137939453
2024-09-07T18:36:04.435649315Z,-0.09576806426048279
2024-09-07T18:36:04.440354165Z,-4.623203277587891
2024-09-07T18:36:04.821818588Z,0.4381389021873474
2024-09-07T18:36:05.34244267Z,0.4572925269603729
2024-09-07T18:36:05.856868696Z,0.3711012601852417
2024-09-07T18:36:06.381365053Z,0.45250412821769714
2024-09-07T18:36:06.8990193Z,0.43095630407333374
2024-09-07T18:36:07.41572663Z,0.3758896589279175
2024-09-07T18:36:07.939753437Z,0.43095630407333374
2024-09-07T18:36:08.457663143Z,0.40222588181495667
2024-09-07T18:36:08.977562028Z,0.3974374830722809
2024-09-07T18:36:09.509640991Z,0.3663128614425659
2024-09-07T18:36:10.031650809Z,0.47644615173339844
2024-09-07T18:36:10.539572797Z,0.42377370595932007
2024-09-07T18:36:11.056149379Z,0.42856210470199585
2024-09-07T18:36:11.572484554Z,0.3878606855869293
2024-09-07T18:36:12.094227062Z,0.4405331015586853
2024-09-07T18:36:12.610766311Z,0.3974374830722809
2024-09-07T18:36:13.128975123Z,0.38307225704193115
2024-09-07T18:36:13.645131389Z,0.3902548849582672
2024-09-07T18:36:14.168055357Z,0.3878606855869293
2024-09-07T18:36:14.683755573Z,0.395043283700943
2024-09-07T18:36:15.202661558Z,0.40940847992897034
2024-09-07T18:36:15.72750751Z,0.4189853072166443
2024-09-07T18:36:16.261863363Z,0.42856210470199585
2024-09-07T18:36:16.78221204Z,0.4357447028160095
2024-09-07T18:36:17.309669396Z,0.4405331015586853
2024-09-07T18:36:17.82891515Z,0.45010992884635925
2024-09-07T18:36:18.351686425Z,0.3902548849582672
2024-09-07T18:36:18.871571317Z,0.45489832758903503
2024-09-07T18:36:19.388819511Z,0.3663128614425659
2024-09-07T18:36:19.919729619Z,0.37828385829925537
2024-09-07T18:36:20.432922512Z,0.3447650372982025
2024-09-07T18:36:20.96465139Z,0.38546648621559143
2024-09-07T18:36:21.494344727Z,0.38067805767059326
2024-09-07T18:36:22.014024522Z,0.35913026332855225
2024-09-07T18:36:22.536101711Z,0.49320554733276367
2024-09-07T18:36:23.061850171Z,0.43095630407333374
2024-09-07T18:36:23.576264615Z,0.42856210470199585
2024-09-07T18:36:24.097104682Z,0.4165911078453064
2024-09-07T18:36:24.623133641Z,0.30885201692581177
2024-09-07T18:36:25.146135845Z,0.4620809257030487
2024-09-07T18:36:25.670079525Z,0.3687070608139038
2024-09-07T18:36:26.202283397Z,0.2944868206977844
2024-09-07T18:36:26.726078717Z,0.4405331015586853
2024-09-07T18:36:27.245389346Z,0.42856210470199585
2024-09-07T18:36:27.761966806Z,0.43095630407333374
2024-09-07T18:36:28.299999478Z,0.4189853072166443
2024-09-07T18:36:28.808202628Z,0.4165911078453064
2024-09-07T18:36:29.33313582Z,0.40222588181495667
2024-09-07T18:36:29.8592055Z,0.42856210470199585
2024-09-07T18:36:30.388239689Z,0.4668693244457245
2024-09-07T18:36:30.911111767Z,0.3663128614425659
2024-09-07T18:36:31.42926915Z,0.5195417404174805
2024-09-07T18:36:31.959663854Z,0.3711012601852417
2024-09-07T18:36:32.499215046Z,0.40222588181495667
2024-09-07T18:36:33.000400064Z,0.4165911078453064
2024-09-07T18:36:33.526447785Z,0.4189853072166443
2024-09-07T18:36:34.050248738Z,0.38307225704193115
2024-09-07T18:36:34.570814736Z,0.3878606855869293
2024-09-07T18:36:35.104386099Z,0.4357447028160095
2024-09-07T18:36:35.627441551Z,0.4189853072166443
2024-09-07T18:36:36.153377087Z,0.4141969084739685
2024-09-07T18:36:36.663341095Z,0.3974374830722809
2024-09-07T18:36:37.192281307Z,0.3495534360408783
2024-09-07T18:36:37.710304853Z,0.4668693244457245
2024-09-07T18:36:38.230534165Z,0.3902548849582672
2024-09-07T18:36:38.761356166Z,0.45489832758903503
2024-09-07T18:36:39.281376217Z,0.2585737705230713
2024-09-07T18:36:39.814395343Z,0.44532153010368347
2024-09-07T18:36:40.333326745Z,0.4596867263317108
2024-09-07T18:36:40.864383806Z,0.33279404044151306
2024-09-07T18:36:41.375690076Z,0.5051765441894531
2024-09-07T18:36:41.901208233Z,0.3878606855869293
2024-09-07T18:36:42.419630086Z,0.3064578175544739
2024-09-07T18:36:42.940505064Z,0.3687070608139038
2024-09-07T18:36:43.467784441Z,0.35913026332855225
2024-09-07T18:36:43.992624863Z,0.4812345504760742
2024-09-07T18:36:44.516879236Z,0.3758896589279175
2024-09-07T18:36:45.050725949Z,0.40462008118629456
2024-09-07T18:36:45.562480113Z,0.45489832758903503
2024-09-07T18:36:46.086541164Z,0.44771572947502136
2024-09-07T18:36:46.611446739Z,0.33039984107017517
2024-09-07T18:36:47.139521125Z,0.45250412821769714
2024-09-07T18:36:47.655611902Z,0.38546648621559143
2024-09-07T18:36:48.175612926Z,0.43335050344467163
2024-09-07T18:36:48.710497667Z,0.3974374830722809
2024-09-07T18:36:49.236670496Z,0.4357447028160095
2024-09-07T18:36:49.756869003Z,0.363918662071228
2024-09-07T18:36:50.275802555Z,0.43335050344467163
2024-09-07T18:36:50.807633851Z,0.4381389021873474
2024-09-07T18:36:51.326859672Z,0.38546648621559143
2024-09-07T18:36:51.841699176Z,0.47405192255973816
2024-09-07T18:36:52.367445098Z,0.4357447028160095
2024-09-07T18:36:52.886876954Z,0.40701428055763245
2024-09-07T18:36:53.41370997Z,0.3208230137825012
2024-09-07T18:36:53.945193178Z,0.38307225704193115
2024-09-07T18:36:54.474261658Z,0.5291185975074768
2024-09-07T18:36:54.988919128Z,0.31842881441116333
2024-09-07T18:36:55.509729241Z,0.29209262132644653
2024-09-07T18:36:56.031469736Z,0.42377370595932007
2024-09-07T18:36:56.562511019Z,0.4189853072166443
2024-09-07T18:36:57.08003085Z,0.3519476354122162
2024-09-07T18:36:57.604340963Z,0.4213795065879822
2024-09-07T18:36:58.126667199Z,0.38307225704193115
2024-09-07T18:36:58.661863908Z,0.3758896589279175
2024-09-07T18:36:59.178298073Z,0.45489832758903503
2024-09-07T18:36:59.701208771Z,0.3423708379268646
2024-09-07T18:37:00.225019633Z,0.3471592366695404
2024-09-07T18:37:00.743236892Z,0.40701428055763245
2024-09-07T18:37:01.267872768Z,0.35434186458587646
2024-09-07T18:37:01.798142881Z,0.3256114423274994
2024-09-07T18:37:02.320113397Z,0.43335050344467163
2024-09-07T18:37:02.842326292Z,0.3016694188117981
2024-09-07T18:37:03.372069654Z,0.363918662071228
2024-09-07T18:37:03.886097975Z,0.38307225704193115
2024-09-07T18:37:04.411346416Z,0.3998316824436188
2024-09-07T18:37:04.936380384Z,0.3687070608139038
2024-09-07T18:37:05.454285563Z,0.3926490843296051
2024-09-07T18:37:05.973143046Z,0.40940847992897034
2024-09-07T18:37:06.495348789Z,0.40462008118629456
2024-09-07T18:37:07.025107913Z,0.3758896589279175
2024-09-07T18:37:07.548257555Z,0.3926490843296051
2024-09-07T18:37:08.077238984Z,0.40701428055763245
2024-09-07T18:37:08.603067628Z,0.3878606855869293
2024-09-07T18:37:09.119336279Z,0.38307225704193115
2024-09-07T18:37:09.646024376Z,0.37828385829925537
2024-09-07T18:37:10.165409923Z,0.38546648621559143
2024-09-07T18:37:10.692825861Z,0.3471592366695404
2024-09-07T18:37:11.210149287Z,0.28730419278144836
2024-09-07T18:37:11.740655651Z,0.38546648621559143
2024-09-07T18:37:12.258976943Z,0.4213795065879822
2024-09-07T18:37:12.783436231Z,0.42856210470199585
2024-09-07T18:37:13.310331489Z,0.3734954595565796
2024-09-07T18:37:13.83152741Z,0.38546648621559143
2024-09-07T18:37:14.362870451Z,0.40701428055763245
2024-09-07T18:37:14.874251819Z,0.29209262132644653
2024-09-07T18:37:15.394411518Z,0.4165911078453064
2024-09-07T18:37:15.913338399Z,0.3447650372982025
2024-09-07T18:37:16.442360901Z,0.35913026332855225
2024-09-07T18:37:16.969430226Z,0.40462008118629456
2024-09-07T18:37:17.49149998Z,0.3734954595565796
2024-09-07T18:37:18.016579457Z,0.35673606395721436
2024-09-07T18:37:18.537811154Z,0.37828385829925537
2024-09-07T18:37:19.060489756Z,0.3974374830722809
2024-09-07T18:37:19.59033753Z,0.3423708379268646
2024-09-07T18:37:20.120734826Z,0.3998316824436188
2024-09-07T18:37:20.628702693Z,0.363918662071228
2024-09-07T18:37:21.160996628Z,0.3208230137825012
2024-09-07T18:37:21.689438845Z,0.3663128614425659
2024-09-07T18:37:22.210509006Z,0.33997663855552673
2024-09-07T18:37:22.731731574Z,0.33518823981285095
2024-09-07T18:37:23.250423556Z,0.3016694188117981
2024-09-07T18:37:23.777132503Z,0.3447650372982025
2024-09-07T18:37:24.29753078Z,0.4620809257030487
2024-09-07T18:37:24.826602688Z,0.38307225704193115
2024-09-07T18:37:25.344876967Z,0.4118026793003082
2024-09-07T18:37:25.869153068Z,0.3447650372982025
2024-09-07T18:37:26.392819269Z,0.33758243918418884
2024-09-07T18:37:26.917735931Z,0.395043283700943
2024-09-07T18:37:27.440422166Z,0.3734954595565796
2024-09-07T18:37:27.961773192Z,0.43335050344467163
2024-09-07T18:37:28.479744705Z,0.4381389021873474
2024-09-07T18:37:29.003343826Z,0.47165772318840027
2024-09-07T18:37:29.52571677Z,0.3974374830722809
2024-09-07T18:37:30.052746406Z,0.37828385829925537
2024-09-07T18:37:30.575409317Z,0.38307225704193115
2024-09-07T18:37:31.093638321Z,0.3495534360408783
2024-09-07T18:37:31.628348352Z,0.3711012601852417
2024-09-07T18:37:32.14480179Z,0.3734954595565796
2024-09-07T18:37:32.675088599Z,0.31842881441116333
2024-09-07T18:37:33.188294542Z,0.30885201692581177
2024-09-07T18:37:33.709845002Z,0.3734954595565796
2024-09-07T18:37:34.221247635Z,0.2346317619085312
2024-09-07T18:37:34.749924401Z,0.4668693244457245
2024-09-07T18:37:35.283793315Z,0.4189853072166443
2024-09-07T18:37:35.904593195Z,0.3734954595565796
2024-09-07T18:37:36.439426222Z,0.3902548849582672
2024-09-07T18:37:36.965988793Z,0.38067805767059326
2024-09-07T18:37:37.499681009Z,0.4644751250743866
2024-09-07T18:37:38.023877963Z,0.45250412821769714
2024-09-07T18:37:38.55334199Z,0.48602294921875
2024-09-07T18:37:39.071867768Z,0.3998316824436188
2024-09-07T18:37:39.60009815Z,0.37828385829925537
2024-09-07T18:37:40.13281441Z,0.4189853072166443
2024-09-07T18:37:40.666058885Z,0.36152446269989014
2024-09-07T18:37:41.185882083Z,0.37828385829925537
2024-09-07T18:37:41.710226253Z,0.3663128614425659
2024-09-07T18:37:42.239102298Z,0.37828385829925537
2024-09-07T18:37:42.765110724Z,0.38307225704193115
2024-09-07T18:37:43.310246572Z,0.40462008118629456
2024-09-07T18:37:43.825778335Z,0.37828385829925537
2024-09-07T18:37:44.45355863Z,0.45250412821769714
2024-09-07T18:37:44.972216537Z,0.43095630407333374
2024-09-07T18:37:45.508525817Z,0.35434186458587646
2024-09-07T18:37:46.03934525Z,0.40940847992897034
2024-09-07T18:37:46.565703198Z,0.40222588181495667
2024-09-07T18:37:47.098717555Z,0.42616790533065796
2024-09-07T18:37:47.631448783Z,0.42377370595932007
2024-09-07T18:37:48.146562258Z,0.40462008118629456
2024-09-07T18:37:48.66850608Z,0.36152446269989014
2024-09-07T18:37:49.196063216Z,0.42377370595932007
2024-09-07T18:37:49.731120846Z,0.38546648621559143
2024-09-07T18:37:50.257467337Z,0.3878606855869293
2024-09-07T18:37:50.790006922Z,0.42856210470199585
2024-09-07T18:37:51.30967035Z,0.38067805767059326
2024-09-07T18:37:51.83743515Z,0.44771572947502136
2024-09-07T18:37:52.362223038Z,0.40940847992897034
2024-09-07T18:37:52.892345769Z,0.3687070608139038
2024-09-07T18:37:53.424730349Z,0.4213795065879822
2024-09-07T18:37:53.954430877Z,0.35434186458587646
2024-09-07T18:37:54.484223484Z,0.37828385829925537
2024-09-07T18:37:55.002411887Z,0.4165911078453064
2024-09-07T18:37:55.530457422Z,0.304063618183136
2024-09-07T18:37:56.059479674Z,0.38307225704193115
2024-09-07T18:37:56.585696725Z,0.4165911078453064
2024-09-07T18:37:57.115781864Z,0.42616790533065796
2024-09-07T18:37:57.650391966Z,0.35913026332855225
2024-09-07T18:37:58.170592936Z,0.3447650372982025
2024-09-07T18:37:58.69634134Z,0.40701428055763245
2024-09-07T18:37:59.21563818Z,0.3974374830722809
2024-09-07T18:37:59.757663908Z,0.45010992884635925
2024-09-07T18:38:00.277465187Z,0.3902548849582672
2024-09-07T18:38:00.813747309Z,0.33758243918418884
2024-09-07T18:38:01.333523688Z,0.42377370595932007
2024-09-07T18:38:01.863159061Z,0.35434186458587646
2024-09-07T18:38:02.393410744Z,0.3926490843296051
2024-09-07T18:38:02.917941051Z,0.3878606855869293
2024-09-07T18:38:03.446009852Z,0.40940847992897034
2024-09-07T18:38:03.967732652Z,0.3878606855869293
2024-09-07T18:38:04.500570144Z,0.3758896589279175
2024-09-07T18:38:05.028724444Z,0.4118026793003082
2024-09-07T18:38:05.557621148Z,0.37828385829925537
2024-09-07T18:38:06.090615356Z,0.3495534360408783
2024-09-07T18:38:06.720499931Z,0.38307225704193115
2024-09-07T18:38:07.254763266Z,0.40462008118629456
2024-09-07T18:38:07.89277535Z,0.31364041566848755
2024-09-07T18:38:08.422729183Z,0.4118026793003082
2024-09-07T18:38:08.951629948Z,0.35434186458587646
2024-09-07T18:38:09.488599329Z,0.3734954595565796
2024-09-07T18:38:10.009547548Z,0.40940847992897034
2024-09-07T18:38:10.54141477Z,0.3663128614425659
2024-09-07T18:38:11.066606274Z,0.35434186458587646
2024-09-07T18:38:11.590716025Z,0.38067805767059326
2024-09-07T18:38:12.11757352Z,0.36152446269989014
2024-09-07T18:38:12.641734241Z,0.3256114423274994
2024-09-07T18:38:13.192847807Z,0.42856210470199585
2024-09-07T18:38:13.70104951Z,0.38067805767059326
2024-09-07T18:38:14.338889097Z,0.3902548849582672
2024-09-07T18:38:14.86399246Z,0.3734954595565796
2024-09-07T18:38:15.391441638Z,0.3280056416988373
2024-09-07T18:38:15.914732875Z,0.35434186458587646
2024-09-07T18:38:16.448285239Z,0.3663128614425659
2024-09-07T18:38:16.966799325Z,0.40701428055763245
2024-09-07T18:38:17.50710545Z,0.3471592366695404
2024-09-07T18:38:18.0221201Z,0.37828385829925537
2024-09-07T18:38:18.547795366Z,0.3758896589279175
2024-09-07T18:38:19.066845374Z,0.3471592366695404
2024-09-07T18:38:19.600435871Z,0.3878606855869293
2024-09-07T18:38:20.115280296Z,0.3232172429561615
2024-09-07T18:38:20.641037797Z,0.3208230137825012
2024-09-07T18:38:21.162119781Z,0.3711012601852417
2024-09-07T18:38:21.692624536Z,0.3687070608139038
2024-09-07T18:38:22.216728533Z,0.3711012601852417
2024-09-07T18:38:22.740775448Z,0.3998316824436188
2024-09-07T18:38:23.280125485Z,0.3495534360408783
2024-09-07T18:38:23.780197516Z,0.395043283700943
2024-09-07T18:38:24.309166375Z,0.42377370595932007
2024-09-07T18:38:24.823352309Z,0.31364041566848755
2024-09-07T18:38:25.360523392Z,0.3687070608139038
2024-09-07T18:38:25.872270494Z,0.3926490843296051
2024-09-07T18:38:26.400468143Z,0.40940847992897034
2024-09-07T18:38:26.920296454Z,0.3687070608139038
2024-09-07T18:38:27.448453094Z,0.40701428055763245
2024-09-07T18:38:27.965483194Z,0.2968810200691223
2024-09-07T18:38:28.492643137Z,0.4141969084739685
2024-09-07T18:38:29.015154586Z,0.363918662071228
2024-09-07T18:38:29.53335749Z,0.35913026332855225
2024-09-07T18:38:30.061498327Z,0.36152446269989014
2024-09-07T18:38:30.588331977Z,0.3758896589279175
2024-09-07T18:38:31.108035588Z,0.43095630407333374
2024-09-07T18:38:31.638292976Z,0.37828385829925537
2024-09-07T18:38:32.155202006Z,0.35434186458587646
2024-09-07T18:38:32.68427375Z,0.4644751250743866
2024-09-07T18:38:33.20059729Z,0.4213795065879822
2024-09-07T18:38:33.727718006Z,0.3447650372982025
2024-09-07T18:38:34.250321072Z,0.3471592366695404
2024-09-07T18:38:34.780541199Z,0.4692635238170624
2024-09-07T18:38:35.299482132Z,0.3758896589279175
2024-09-07T18:38:35.821529407Z,0.33279404044151306
2024-09-07T18:38:36.357393847Z,0.24899697303771973
2024-09-07T18:38:36.87205369Z,0.3711012601852417
2024-09-07T18:38:37.393685565Z,0.40940847992897034
2024-09-07T18:38:37.91752494Z,0.45250412821769714
2024-09-07T18:38:38.439413365Z,0.43335050344467163
2024-09-07T18:38:38.96239296Z,0.3878606855869293
2024-09-07T18:38:39.48933933Z,0.38546648621559143
2024-09-07T18:38:40.012720347Z,0.3519476354122162
2024-09-07T18:38:40.544230156Z,0.3663128614425659
2024-09-07T18:38:41.070202705Z,0.40940847992897034
2024-09-07T18:38:41.583456652Z,0.3711012601852417
2024-09-07T18:38:42.114076935Z,0.35434186458587646
2024-09-07T18:38:42.62929426Z,0.38307225704193115
2024-09-07T18:38:43.153870082Z,0.40222588181495667
2024-09-07T18:38:43.679305444Z,0.3663128614425659
2024-09-07T18:38:44.211139373Z,0.37828385829925537
2024-09-07T18:38:44.727590972Z,0.35913026332855225
2024-09-07T18:38:45.25550052Z,0.2992752194404602
2024-09-07T18:38:45.779036754Z,0.40701428055763245
2024-09-07T18:38:46.29915674Z,0.3902548849582672
2024-09-07T18:38:46.818830576Z,0.40462008118629456
2024-09-07T18:38:47.34078474Z,0.363918662071228
2024-09-07T18:38:47.867813903Z,0.3902548849582672
2024-09-07T18:38:48.391181686Z,0.4572925269603729
2024-09-07T18:38:48.916565342Z,0.363918662071228
2024-09-07T18:38:49.445654619Z,0.36152446269989014
2024-09-07T18:38:49.960801105Z,0.2944868206977844
2024-09-07T18:38:50.493298549Z,0.4118026793003082
2024-09-07T18:38:51.012704453Z,0.38307225704193115
2024-09-07T18:38:51.526154172Z,0.3734954595565796
2024-09-07T18:38:52.072631734Z,0.3902548849582672
2024-09-07T18:38:52.576061844Z,0.3663128614425659
2024-09-07T18:38:53.098780874Z,0.40940847992897034
2024-09-07T18:38:53.62597535Z,0.3974374830722809
2024-09-07T18:38:54.156875325Z,0.4118026793003082
2024-09-07T18:38:54.676948833Z,0.36152446269989014
2024-09-07T18:38:55.199901396Z,0.33758243918418884
2024-09-07T18:38:55.714144981Z,0.3926490843296051
2024-09-07T18:38:56.244842827Z,0.3519476354122162
2024-09-07T18:38:56.766864763Z,0.37828385829925537
2024-09-07T18:38:57.295384681Z,0.33279404044151306
2024-09-07T18:38:57.822012817Z,0.4596867263317108
2024-09-07T18:38:58.352104089Z,0.40222588181495667
2024-09-07T18:38:58.875824205Z,0.3998316824436188
2024-09-07T18:38:59.407699355Z,0.3758896589279175
2024-09-07T18:38:59.933920014Z,0.30885201692581177
2024-09-07T18:39:00.456588447Z,0.3974374830722809
2024-09-07T18:39:00.986958866Z,0.3519476354122162
2024-09-07T18:39:01.519355947Z,0.3447650372982025
2024-09-07T18:39:02.050359585Z,0.22505496442317963
2024-09-07T18:39:02.575326742Z,0.43335050344467163
2024-09-07T18:39:03.095406681Z,0.38546648621559143
2024-09-07T18:39:03.621190254Z,0.35434186458587646
2024-09-07T18:39:04.145112808Z,0.3471592366695404
2024-09-07T18:39:04.680048798Z,0.48602294921875
2024-09-07T18:39:05.195322374Z,0.4644751250743866
2024-09-07T18:39:05.727581451Z,0.363918662071228
2024-09-07T18:39:06.268283262Z,0.4812345504760742
2024-09-07T18:39:06.787359316Z,0.363918662071228
2024-09-07T18:39:07.308551272Z,0.3734954595565796
2024-09-07T18:39:07.838206606Z,0.38307225704193115
2024-09-07T18:39:08.357292415Z,0.3758896589279175
2024-09-07T18:39:08.881232806Z,0.33039984107017517
2024-09-07T18:39:09.402321039Z,0.38307225704193115
2024-09-07T18:39:09.933533581Z,0.42856210470199585
2024-09-07T18:39:10.453792684Z,0.3711012601852417
2024-09-07T18:39:10.972747031Z,0.38546648621559143
2024-09-07T18:39:11.598137028Z,0.3447650372982025
2024-09-07T18:39:12.122718058Z,0.35673606395721436
2024-09-07T18:39:12.652463302Z,0.40701428055763245
2024-09-07T18:39:13.183674074Z,0.42616790533065796
2024-09-07T18:39:13.708499181Z,0.3663128614425659
2024-09-07T18:39:14.25112251Z,0.3687070608139038
2024-09-07T18:39:14.772813652Z,0.3447650372982025
2024-09-07T18:39:15.29663371Z,0.40701428055763245
2024-09-07T18:39:15.823212994Z,0.3998316824436188
2024-09-07T18:39:16.345882202Z,0.5171475410461426
2024-09-07T18:39:16.877846645Z,0.4429273009300232
2024-09-07T18:39:17.419566138Z,0.3734954595565796
2024-09-07T18:39:17.935760326Z,0.36152446269989014
2024-09-07T18:39:18.469098098Z,0.363918662071228
2024-09-07T18:39:18.985587076Z,0.35673606395721436
2024-09-07T18:39:19.519352391Z,0.3974374830722809
2024-09-07T18:39:20.046589209Z,0.3878606855869293
2024-09-07T18:39:20.582349998Z,0.3734954595565796
2024-09-07T18:39:21.102464271Z,0.3447650372982025
2024-09-07T18:39:21.627479894Z,0.3711012601852417
2024-09-07T18:39:22.159431506Z,0.3423708379268646
2024-09-07T18:39:22.680451852Z,0.40222588181495667
2024-09-07T18:39:23.215781786Z,0.36152446269989014
2024-09-07T18:39:23.749825195Z,0.31124621629714966
2024-09-07T18:39:24.261587441Z,0.35913026332855225
2024-09-07T18:39:24.795877868Z,0.3256114423274994
2024-09-07T18:39:25.31513192Z,0.35913026332855225
2024-09-07T18:39:25.849093215Z,0.33518823981285095
2024-09-07T18:39:26.368980447Z,0.3758896589279175
2024-09-07T18:39:26.902959391Z,0.35673606395721436
2024-09-07T18:39:27.43374705Z,0.3232172429561615
2024-09-07T18:39:27.959856545Z,0.42856210470199585
2024-09-07T18:39:28.472795046Z,0.31124621629714966
2024-09-07T18:39:29.010927683Z,0.3495534360408783
2024-09-07T18:39:29.535813594Z,0.38546648621559143
2024-09-07T18:39:30.063056989Z,0.3423708379268646
2024-09-07T18:39:30.587149087Z,0.3878606855869293
2024-09-07T18:39:31.129988684Z,0.43095630407333374
2024-09-07T18:39:31.650894472Z,0.3998316824436188
2024-09-07T18:39:32.18102345Z,0.38067805767059326
2024-09-07T18:39:32.717341085Z,0.40222588181495667
2024-09-07T18:39:33.249965017Z,0.33997663855552673
2024-09-07T18:39:33.797486239Z,0.3687070608139038
2024-09-07T18:39:34.320929256Z,0.3711012601852417
2024-09-07T18:39:34.839950579Z,0.3519476354122162
2024-09-07T18:39:35.376851774Z,0.3495534360408783
2024-09-07T18:39:35.90788515Z,0.3734954595565796
2024-09-07T18:39:36.440288248Z,0.3447650372982025
2024-09-07T18:39:36.989103906Z,0.3878606855869293
2024-09-07T18:39:37.523325717Z,0.33039984107017517
2024-09-07T18:39:38.027179709Z,0.3758896589279175
2024-09-07T18:39:38.559243342Z,0.3519476354122162
2024-09-07T18:39:39.09744308Z,0.35434186458587646
2024-09-07T18:39:39.629025496Z,0.37828385829925537
2024-09-07T18:39:40.162036372Z,0.35913026332855225
2024-09-07T18:39:40.689130534Z,0.33518823981285095
2024-09-07T18:39:41.231133096Z,0.38307225704193115
2024-09-07T18:39:41.760126819Z,0.4118026793003082
2024-09-07T18:39:42.292880495Z,0.3687070608139038
2024-09-07T18:39:42.819015195Z,0.38067805767059326
2024-09-07T18:39:43.453825456Z,0.3495534360408783
2024-09-07T18:39:43.985254104Z,0.40222588181495667
2024-09-07T18:39:44.513674824Z,0.3471592366695404
2024-09-07T18:39:45.040516755Z,0.3758896589279175
2024-09-07T18:39:45.562125697Z,0.38307225704193115
2024-09-07T18:39:46.099377103Z,0.33997663855552673
2024-09-07T18:39:46.62575579Z,0.3447650372982025
2024-09-07T18:39:47.146447691Z,0.3519476354122162
2024-09-07T18:39:47.671400053Z,0.38067805767059326
2024-09-07T18:39:48.198376008Z,0.3423708379268646
2024-09-07T18:39:48.735714259Z,0.43095630407333374
2024-09-07T18:39:49.259255986Z,0.3447650372982025
2024-09-07T18:39:49.792058785Z,0.3687070608139038
2024-09-07T18:39:50.304146788Z,0.4165911078453064
2024-09-07T18:39:50.834305254Z,0.3974374830722809
2024-09-07T18:39:51.360457693Z,0.3758896589279175
2024-09-07T18:39:51.899152927Z,0.363918662071228
2024-09-07T18:39:52.535225004Z,0.36152446269989014
2024-09-07T18:39:53.054692805Z,0.2801215946674347
2024-09-07T18:39:53.584542763Z,0.35434186458587646
2024-09-07T18:39:54.133432847Z,0.3878606855869293
2024-09-07T18:39:54.653307936Z,0.304063618183136
2024-09-07T18:39:55.185296515Z,0.4141969084739685
2024-09-07T18:39:55.715744162Z,0.3711012601852417
2024-09-07T18:39:56.249492145Z,0.3926490843296051
2024-09-07T18:39:56.77949244Z,0.3711012601852417
2024-09-07T18:39:57.316139427Z,0.3208230137825012
2024-09-07T18:39:57.841802986Z,0.44532153010368347
2024-09-07T18:39:58.376485389Z,0.27054479718208313
2024-09-07T18:39:58.900886625Z,0.36152446269989014
2024-09-07T18:39:59.420662598Z,0.3471592366695404
2024-09-07T18:39:59.946852877Z,0.35434186458587646
2024-09-07T18:40:00.475487543Z,0.40462008118629456
2024-09-07T18:40:01.015641377Z,0.33039984107017517
2024-09-07T18:40:01.553909172Z,0.3711012601852417
2024-09-07T18:40:02.065854226Z,0.3734954595565796
2024-09-07T18:40:02.589439944Z,0.3926490843296051
2024-09-07T18:40:03.115002917Z,0.3974374830722809
2024-09-07T18:40:03.642688075Z,0.395043283700943
2024-09-07T18:40:04.167604641Z,0.35434186458587646
2024-09-07T18:40:04.695099839Z,0.38307225704193115
2024-09-07T18:40:05.229555747Z,0.3687070608139038
2024-09-07T18:40:05.860842672Z,0.3734954595565796
2024-09-07T18:40:06.38189374Z,0.2968810200691223
2024-09-07T18:40:06.907898659Z,0.363918662071228
2024-09-07T18:40:07.436820167Z,0.3280056416988373
2024-09-07T18:40:07.986662029Z,0.37828385829925537
2024-09-07T18:40:08.508234386Z,0.35434186458587646
2024-09-07T18:40:09.049811322Z,0.35913026332855225
2024-09-07T18:40:09.572009474Z,0.363918662071228
2024-09-07T18:40:10.104874389Z,0.3447650372982025
2024-09-07T18:40:10.643791387Z,0.33518823981285095
2024-09-07T18:40:11.212467502Z,0.3902548849582672
2024-09-07T18:40:11.692823308Z,0.38307225704193115
2024-09-07T18:40:12.226215614Z,0.35913026332855225
2024-09-07T18:40:12.751804544Z,0.33518823981285095
2024-09-07T18:40:13.293937217Z,0.38067805767059326
2024-09-07T18:40:13.843057916Z,0.3471592366695404
2024-09-07T18:40:14.355000328Z,0.3495534360408783
2024-09-07T18:40:14.88831908Z,0.3734954595565796
2024-09-07T18:40:15.420156756Z,0.3280056416988373
2024-09-07T18:40:15.950905931Z,0.37828385829925537
2024-09-07T18:40:16.483214576Z,0.3734954595565796
